-- MySQL dump 10.13  Distrib 5.7.17, for Win64 (x86_64)
--
-- Host: 101.200.33.32    Database: reportSystem
-- ------------------------------------------------------
-- Server version	8.0.11

/*!40101 SET @OLD_CHARACTER_SET_CLIENT=@@CHARACTER_SET_CLIENT */;
/*!40101 SET @OLD_CHARACTER_SET_RESULTS=@@CHARACTER_SET_RESULTS */;
/*!40101 SET @OLD_COLLATION_CONNECTION=@@COLLATION_CONNECTION */;
/*!40101 SET NAMES utf8 */;
/*!40103 SET @OLD_TIME_ZONE=@@TIME_ZONE */;
/*!40103 SET TIME_ZONE='+00:00' */;
/*!40014 SET @OLD_UNIQUE_CHECKS=@@UNIQUE_CHECKS, UNIQUE_CHECKS=0 */;
/*!40014 SET @OLD_FOREIGN_KEY_CHECKS=@@FOREIGN_KEY_CHECKS, FOREIGN_KEY_CHECKS=0 */;
/*!40101 SET @OLD_SQL_MODE=@@SQL_MODE, SQL_MODE='NO_AUTO_VALUE_ON_ZERO' */;
/*!40111 SET @OLD_SQL_NOTES=@@SQL_NOTES, SQL_NOTES=0 */;

--
-- Table structure for table `experiment`
--

DROP TABLE IF EXISTS `experiment`;
/*!40101 SET @saved_cs_client     = @@character_set_client */;
/*!40101 SET character_set_client = utf8 */;
CREATE TABLE `experiment` (
  `id` int(11) NOT NULL AUTO_INCREMENT,
  `name` varchar(20) NOT NULL COMMENT '实验名',
  `open` smallint(6) DEFAULT '0' COMMENT '开放状态：0-未开放，1-开放',
  PRIMARY KEY (`id`)
) ENGINE=InnoDB AUTO_INCREMENT=8 DEFAULT CHARSET=utf8mb4 COLLATE=utf8mb4_0900_ai_ci;
/*!40101 SET character_set_client = @saved_cs_client */;

--
-- Dumping data for table `experiment`
--

LOCK TABLES `experiment` WRITE;
/*!40000 ALTER TABLE `experiment` DISABLE KEYS */;
INSERT INTO `experiment` VALUES (1,'光电效应实验',1),(2,'太阳能实验',1),(3,'光栅衍射及光波波长的测定',1),(4,'杨氏模量实验',1),(5,'转动惯量实验',1),(6,'碰撞打靶实验',1),(7,'牛顿环实验',1);
/*!40000 ALTER TABLE `experiment` ENABLE KEYS */;
UNLOCK TABLES;

--
-- Table structure for table `major`
--

DROP TABLE IF EXISTS `major`;
/*!40101 SET @saved_cs_client     = @@character_set_client */;
/*!40101 SET character_set_client = utf8 */;
CREATE TABLE `major` (
  `id` int(11) NOT NULL AUTO_INCREMENT COMMENT '专业id',
  `name` varchar(20) NOT NULL COMMENT '专业名',
  PRIMARY KEY (`id`)
) ENGINE=InnoDB AUTO_INCREMENT=13 DEFAULT CHARSET=utf8mb4 COLLATE=utf8mb4_0900_ai_ci;
/*!40101 SET character_set_client = @saved_cs_client */;

--
-- Dumping data for table `major`
--

LOCK TABLES `major` WRITE;
/*!40000 ALTER TABLE `major` DISABLE KEYS */;
INSERT INTO `major` VALUES (1,'交运'),(2,'农机'),(3,'车辆'),(4,'机制'),(5,'材控'),(6,'工设'),(7,'电气'),(8,'自动'),(9,'信息'),(10,'工管'),(11,'工程'),(12,'物流');
/*!40000 ALTER TABLE `major` ENABLE KEYS */;
UNLOCK TABLES;

--
-- Table structure for table `score`
--

DROP TABLE IF EXISTS `score`;
/*!40101 SET @saved_cs_client     = @@character_set_client */;
/*!40101 SET character_set_client = utf8 */;
CREATE TABLE `score` (
  `stu_id` int(11) NOT NULL COMMENT '学号',
  `exp_id` int(11) NOT NULL COMMENT '实验id',
  `score` smallint(6) NOT NULL COMMENT '学生成绩',
  PRIMARY KEY (`stu_id`,`exp_id`)
) ENGINE=InnoDB DEFAULT CHARSET=utf8mb4 COLLATE=utf8mb4_0900_ai_ci;
/*!40101 SET character_set_client = @saved_cs_client */;

--
-- Dumping data for table `score`
--

LOCK TABLES `score` WRITE;
/*!40000 ALTER TABLE `score` DISABLE KEYS */;
INSERT INTO `score` VALUES (3,2,40),(3,7,58),(48,1,97),(48,2,74),(49,1,97),(49,2,74),(50,1,80),(50,2,74),(51,1,100),(51,2,74),(52,1,100),(52,2,84),(53,1,80),(53,2,84),(54,1,100),(54,2,74),(55,1,100),(55,2,84),(56,1,97),(56,2,74),(57,1,95),(57,2,84),(58,1,100),(58,2,74),(59,1,94),(59,2,84),(60,1,100),(60,2,84),(61,1,97),(61,2,84),(62,1,95),(62,2,84),(63,1,100),(63,2,74),(64,1,97),(64,2,84),(65,1,100),(65,2,74),(66,1,87),(66,2,74),(67,1,80),(67,2,64),(68,1,100),(68,2,84),(69,1,80),(69,2,74),(70,1,100),(70,2,84),(72,1,80),(72,2,60),(73,1,91),(73,2,64),(74,1,95),(74,2,84),(75,1,100),(75,2,74),(76,1,100),(76,2,80),(77,1,100),(77,2,84),(78,1,100),(78,2,84),(79,1,100),(79,2,64),(80,1,95),(80,2,74),(81,1,97),(81,2,74),(82,1,95),(82,2,84),(83,1,90),(83,2,80),(84,1,100),(84,2,74),(85,1,100),(85,2,80),(86,1,95),(86,2,64),(87,1,97),(87,2,74),(88,1,89),(88,2,84),(89,1,87),(89,2,80),(90,1,87),(90,2,84),(91,1,97),(91,2,74),(92,1,95),(92,2,66),(93,1,94),(93,2,74),(94,1,100),(94,2,74),(95,1,100),(96,1,90),(96,2,84),(97,1,97),(97,2,70),(98,1,52),(98,2,60),(100,1,100),(100,2,70),(101,1,100),(101,2,84),(102,1,97),(102,2,84),(103,1,97),(103,2,64),(104,1,100),(104,2,84),(105,1,95),(105,2,70),(106,1,77),(106,2,84),(107,1,97),(107,2,74),(108,1,77),(108,2,84),(109,1,100),(109,2,84),(110,1,100),(110,2,74),(111,1,100),(111,2,64),(112,1,100),(112,2,84),(113,1,100),(113,2,64),(114,1,100),(114,2,84),(115,1,95),(115,2,64),(116,1,100),(116,2,64),(117,1,97),(117,2,74),(118,1,80),(118,2,74),(119,1,97),(119,2,74),(120,1,97),(120,2,84),(121,1,100),(121,2,74),(122,1,100),(122,2,84),(123,1,90),(123,2,84),(124,1,97),(124,2,84),(125,1,100),(125,2,84),(126,1,95),(126,2,74),(127,1,92),(127,2,84),(128,1,74),(128,2,74),(129,1,100),(129,2,74),(130,1,100),(130,2,74),(131,1,97),(131,2,74),(132,1,97),(132,2,74),(133,1,100),(133,2,74),(134,1,95),(134,2,74),(135,1,86),(135,2,74),(136,1,95),(136,2,74),(137,1,97),(137,2,84),(138,1,100),(138,2,84),(139,1,100),(139,2,84),(140,1,92),(140,2,64),(141,1,75),(141,2,84),(142,1,90),(142,2,84),(143,1,100),(143,2,64),(144,1,97),(144,2,84),(145,1,87),(145,2,74),(146,1,92),(146,2,84),(147,1,88),(147,2,50),(152,1,90),(152,2,74),(153,1,100),(153,2,74),(154,1,88),(154,2,84),(155,1,89),(155,2,70),(156,1,100),(156,2,84),(157,1,90),(157,2,84),(158,1,100),(158,2,84),(159,1,100),(159,2,84),(160,1,100),(160,2,84),(161,1,100),(161,2,84),(162,1,95),(162,2,84),(163,1,100),(163,2,84),(164,1,100),(164,2,74),(165,1,100),(165,2,84),(166,1,90),(166,2,84),(167,1,97),(167,2,84),(168,1,95),(168,2,84),(169,1,75),(169,2,80),(170,1,100),(170,2,68),(171,1,80),(171,2,74),(172,1,87),(172,2,74),(173,1,100),(173,2,84),(174,1,93),(174,2,80),(175,1,95),(175,2,74),(176,1,85),(176,2,74),(177,1,100),(177,2,74),(179,1,100),(179,2,84),(180,1,95),(180,2,60),(181,1,100),(181,2,84),(182,1,75),(182,2,80),(183,1,94),(183,2,84),(184,1,100),(184,2,84),(185,1,100),(185,2,84),(186,1,90),(186,2,84),(187,1,100),(187,2,84),(188,1,85),(188,2,80),(189,1,100),(189,2,84),(190,1,87),(190,2,84),(191,1,100),(191,2,84),(192,1,100),(192,2,84),(193,1,97),(193,2,80),(194,1,95),(194,2,84),(195,1,95),(195,2,84),(196,1,97),(196,2,84),(197,1,100),(197,2,84),(198,1,100),(198,2,84),(199,1,100),(199,2,74),(200,1,100),(200,2,64),(201,1,92),(201,2,88),(202,1,95),(202,2,84),(203,1,87),(203,2,84),(204,1,100),(204,2,74),(205,1,100),(205,2,84),(206,1,95),(206,2,74),(207,1,95),(207,2,78),(208,1,100),(208,2,84),(209,1,92),(209,2,60),(210,1,90),(210,2,64),(211,1,90),(211,2,84),(212,1,95),(212,2,74),(213,1,95),(213,2,70),(214,1,95),(214,2,64),(215,1,90),(215,2,74),(216,1,100),(216,2,84),(217,1,100),(217,2,74),(218,1,100),(218,2,84),(219,1,95),(219,2,84),(220,1,80),(220,2,74),(221,1,95),(221,2,60),(222,1,100),(222,2,70),(223,1,100),(223,2,84),(224,1,72),(224,2,74),(225,1,95),(226,1,70),(226,2,64),(227,1,95),(227,2,84),(228,1,95),(228,2,84),(229,1,75),(229,2,80),(230,1,90),(230,2,74),(231,1,100),(231,2,84),(232,1,85),(232,2,84),(233,1,95),(233,2,80),(234,1,95),(234,2,84),(235,1,100),(235,2,84),(236,1,97),(236,2,64),(237,1,100),(237,2,74),(238,1,100),(238,2,74),(239,1,97),(239,2,74),(240,1,90),(240,2,84),(241,1,92),(241,2,84),(242,1,95),(242,2,80),(243,1,95),(243,2,84),(244,1,95),(244,2,84),(245,1,95),(245,2,74),(246,1,100),(246,2,84),(247,1,100),(247,2,74),(248,1,95),(248,2,84),(249,1,100),(249,2,84),(250,1,100),(250,2,84),(251,1,90),(251,2,84),(252,1,95),(252,2,84),(253,1,85),(253,2,84),(254,1,82),(254,2,84),(261,1,97),(261,2,84),(262,1,92),(262,2,80),(263,1,90),(263,2,84),(264,1,94),(264,2,74),(265,1,84),(265,2,84),(266,1,100),(266,2,84),(267,1,95),(267,2,84),(268,1,100),(268,2,84),(269,1,87),(269,2,74),(270,1,93),(270,2,64),(271,1,100),(271,2,84),(272,1,100),(272,2,84),(273,1,90),(273,2,60),(274,1,100),(274,2,84),(275,1,95),(275,2,84),(276,1,90),(276,2,84),(277,1,100),(277,2,84),(278,1,100),(278,2,84),(279,1,75),(279,2,84),(280,1,95),(280,2,76),(281,1,95),(281,2,84),(282,1,80),(282,2,84),(283,1,100),(283,2,80),(284,1,85),(284,2,84),(285,1,95),(285,2,84),(286,1,84),(286,2,84),(288,1,100),(288,2,84),(289,1,97),(289,2,70),(290,1,100),(290,2,64),(291,1,75),(291,2,84),(292,1,100),(292,2,84),(293,1,94),(293,2,74),(294,1,90),(294,2,84),(296,1,100),(296,2,74),(297,1,90),(297,2,84),(298,1,95),(298,2,84),(299,1,97),(299,2,74),(300,1,93),(300,2,84),(301,1,87),(301,2,70),(302,1,92),(302,2,74),(303,1,92),(303,2,84),(304,1,92),(304,2,84),(305,1,100),(305,2,84),(306,1,100),(306,2,84),(307,1,97),(307,2,74),(308,1,92),(308,2,74),(309,1,90),(309,2,64),(310,1,100),(310,2,74),(311,1,95),(311,2,74),(312,1,87),(312,2,64),(313,1,84),(313,2,64),(314,1,77),(314,2,84),(315,1,100),(315,2,64),(316,1,100),(316,2,74),(317,1,95),(317,2,84),(318,1,90),(318,2,74),(319,1,87),(319,2,84),(320,1,95),(320,2,84),(321,1,87),(321,2,84),(322,1,100),(322,2,84),(323,1,95),(323,2,84),(324,1,88),(324,2,84),(325,1,97),(325,2,84),(326,1,87),(326,2,74),(327,1,97),(327,2,84),(328,1,67),(328,2,76),(329,1,100),(329,2,84),(330,1,100),(330,2,60),(331,1,100),(331,2,74),(332,1,100),(332,2,64),(333,1,100),(333,2,84),(334,1,89),(334,2,70),(335,1,87),(335,2,84),(336,1,90),(336,2,74),(337,1,100),(337,2,74),(338,1,90),(338,2,74),(339,1,100),(339,2,84),(340,1,95),(340,2,64),(341,1,100),(341,2,80),(342,1,100),(342,2,84),(343,1,92),(343,2,84),(344,1,95),(344,2,84),(345,1,100),(345,2,84),(346,1,95),(346,2,84),(347,1,95),(347,2,84),(348,1,92),(348,2,74),(349,1,90),(349,2,80),(350,1,100),(350,2,84),(351,1,90),(351,2,74),(352,1,100),(352,2,74),(353,1,90),(353,2,74),(354,1,100),(354,2,74),(355,1,87),(355,2,84),(356,1,100),(356,2,84),(357,1,97),(357,2,84),(358,1,85),(358,2,74),(359,1,97),(359,2,74),(360,1,100),(360,2,84),(361,1,90),(361,2,84),(362,1,97),(362,2,84),(363,1,79),(363,2,74),(364,1,95),(364,2,74),(365,1,80),(365,2,74),(366,1,95),(366,2,70),(367,1,97),(367,2,84),(369,1,95),(369,2,74),(370,1,95),(370,2,84),(371,1,87),(371,2,70),(372,1,85),(372,2,84),(373,1,95),(373,2,84),(374,1,95),(374,2,64),(375,1,92),(375,2,70),(376,1,77),(376,2,60),(377,1,97),(377,2,78),(378,1,69),(378,2,84),(379,1,85),(379,2,64),(380,1,95),(380,2,84),(381,1,94),(381,2,74),(382,1,97),(382,2,64),(383,1,90),(383,2,84),(384,1,69),(384,2,80),(385,1,92),(385,2,64),(386,1,98),(386,2,74),(387,1,95),(387,2,74),(388,1,98),(388,2,84),(389,1,95),(389,2,84),(390,1,97),(390,2,60),(391,1,85),(391,2,74),(392,1,100),(392,2,84),(393,1,100),(393,2,74),(394,1,95),(394,2,84),(395,1,95),(395,2,64),(396,1,100),(396,2,66),(397,1,90),(397,2,84),(398,1,100),(398,2,84),(399,1,100),(399,2,84),(400,1,97),(400,2,84),(401,1,100),(401,2,84),(402,1,80),(402,2,84),(403,1,95),(403,2,84),(404,2,80),(405,1,80),(405,2,74),(406,1,95),(406,2,64),(407,1,75),(407,2,70),(408,1,95),(408,2,84),(409,1,100),(409,2,70),(410,1,95),(410,2,74),(411,1,95),(411,2,74),(412,1,97),(412,2,84),(413,1,95),(413,2,66),(414,1,95),(414,2,84),(415,1,87),(415,2,74),(416,1,97),(416,2,74),(417,1,92),(417,2,64),(418,1,95),(418,2,84),(419,1,90),(419,2,84),(420,1,72),(420,2,80),(421,1,100),(421,2,74),(422,1,87),(422,2,100),(423,1,90),(423,2,84),(424,1,95),(424,2,84),(425,1,100),(425,2,84),(426,1,87),(426,2,70),(427,1,97),(427,2,84),(428,1,87),(428,2,84),(429,1,75),(429,2,84),(430,1,90),(430,2,74),(431,1,92),(431,2,84),(432,1,90),(432,2,84),(433,1,97),(433,2,74),(435,1,92),(435,2,84),(436,1,92),(436,2,74),(437,1,95),(437,2,84),(438,1,85),(438,2,84),(439,1,85),(439,2,64),(440,1,100),(440,2,64),(441,1,75),(441,2,84),(442,1,98),(442,2,74),(443,1,100),(443,2,84),(444,1,85),(444,2,84),(445,1,90),(445,2,84),(446,1,87),(446,2,84),(447,1,100),(447,2,84),(448,1,87),(448,2,74),(449,1,85),(449,2,74),(450,1,87),(450,2,74),(451,1,85),(451,2,84),(452,1,100),(452,2,84),(453,1,97),(453,2,80),(454,1,100),(454,2,80),(455,1,100),(455,2,84),(456,1,100),(456,2,84),(457,1,100),(457,2,84),(458,1,97),(458,2,74),(459,1,100),(459,2,84),(461,1,95),(461,2,84),(462,2,74),(463,1,97),(463,2,84),(464,1,75),(464,2,80),(465,1,97),(465,2,84),(466,1,100),(466,2,84),(467,1,100),(467,2,74),(468,1,92),(468,2,74),(469,1,95),(469,2,74),(470,1,100),(470,2,84),(471,1,100),(471,2,74),(472,1,100),(472,2,74),(473,1,90),(473,2,84),(474,1,95),(474,2,84),(475,1,90),(475,2,70),(476,1,92),(476,2,84),(477,1,100),(477,2,84),(478,1,97),(478,2,84),(479,1,90),(479,2,74),(480,1,97),(480,2,64),(481,1,95),(481,2,74),(482,1,95),(482,2,74),(483,1,95),(483,2,84),(484,1,100),(484,2,74),(485,1,84),(485,2,74),(486,1,100),(486,2,84),(487,1,100),(487,2,84),(488,1,100),(488,2,74),(489,1,100),(489,2,74),(490,1,55),(490,2,84),(491,1,90),(491,2,74),(492,1,92),(492,2,84),(493,1,100),(493,2,84),(494,1,100),(494,2,84),(495,1,95),(495,2,74),(496,1,95),(496,2,84),(497,1,95),(497,2,84),(498,1,75),(498,2,74),(499,1,100),(499,2,74),(500,1,85),(500,2,64),(501,1,97),(501,2,84),(502,1,90),(502,2,84),(503,1,95),(503,2,80),(504,1,100),(504,2,74),(505,1,93),(505,2,84),(506,1,100),(506,2,84),(507,1,87),(507,2,74),(508,1,100),(508,2,64),(509,1,85),(509,2,74),(510,1,95),(510,2,74),(511,1,100),(511,2,84),(512,1,95),(512,2,84),(513,1,95),(513,2,74),(514,1,85),(514,2,64),(515,1,100),(515,2,74),(516,1,95),(516,2,84),(517,1,100),(517,2,74),(518,1,100),(518,2,84),(519,1,80),(519,2,84),(520,1,98),(520,2,80),(521,1,90),(521,2,74),(522,1,75),(522,2,70),(523,1,95),(523,2,74),(524,1,100),(524,2,84),(525,1,95),(525,2,74),(526,1,95),(526,2,80),(527,1,97),(527,2,84),(528,1,100),(528,2,74),(529,1,95),(529,2,80),(530,1,90),(530,2,74),(531,1,85),(531,2,74),(532,1,98),(532,2,50),(533,1,95),(533,2,74),(534,1,90),(534,2,84),(535,1,95),(535,2,74),(536,1,97),(536,2,84),(537,1,82),(537,2,80),(538,1,80),(538,2,70),(539,1,100),(540,1,97),(540,2,74),(541,1,95),(541,2,74),(542,1,85),(542,2,84),(543,1,92),(543,2,84),(544,1,95),(544,2,84),(545,1,97),(545,2,74),(546,1,100),(546,2,60),(547,1,95),(547,2,74),(548,1,95),(548,2,74),(549,1,94),(549,2,74),(550,1,100),(550,2,74),(551,1,90),(551,2,84),(552,1,100),(552,2,74),(553,1,100),(553,2,84),(554,1,95),(554,2,84),(555,1,100),(555,2,64),(556,1,90),(556,2,84),(557,1,100),(557,2,64),(558,1,100),(558,2,74),(559,1,92),(559,2,64),(560,1,95),(560,2,74),(561,1,92),(561,2,84),(562,1,97),(562,2,64),(563,1,100),(563,2,64),(564,1,92),(564,2,84),(565,1,97),(565,2,84),(566,1,100),(566,2,74),(567,1,90),(567,2,74),(568,1,95),(568,2,84),(569,1,95),(569,2,64),(570,1,95),(570,2,84),(571,1,92),(571,2,84),(572,1,100),(572,2,84),(573,1,100),(573,2,84),(574,1,95),(574,2,74),(575,1,100),(575,2,84),(576,1,95),(576,2,84),(577,1,95),(577,2,84),(578,1,95),(578,2,74),(579,1,82),(579,2,84),(580,1,97),(580,2,74),(581,1,100),(581,2,74),(582,1,100),(582,2,84),(583,1,80),(583,2,84),(584,1,100),(584,2,84),(585,1,100),(585,2,84),(586,1,95),(586,2,74),(587,1,92),(587,2,74),(588,1,100),(588,2,84),(589,1,90),(589,2,74),(590,1,100),(590,2,74),(591,1,100),(591,2,84),(592,1,95),(592,2,84),(593,1,100),(593,2,84),(594,1,95),(594,2,84),(595,1,95),(595,2,66),(596,1,90),(596,2,64),(597,2,84),(598,1,95),(598,2,84),(599,1,90),(600,1,92),(600,2,74),(601,1,97),(601,2,74),(602,1,95),(602,2,74),(603,1,100),(603,2,66),(604,1,100),(604,2,84),(605,1,97),(605,2,74),(606,1,95),(606,2,64),(607,1,100),(607,2,84),(608,1,100),(608,2,64),(609,1,92),(609,2,84),(610,1,97),(610,2,84),(611,1,84),(611,2,74),(612,1,95),(612,2,80),(613,1,95),(613,2,74),(614,1,100),(614,2,84),(615,1,87),(615,2,74),(616,1,100),(616,2,74),(617,1,90),(617,2,84),(618,1,100),(618,2,84),(619,1,77),(619,2,80),(620,1,100),(620,2,74),(621,1,87),(621,2,80),(622,1,100),(622,2,84),(623,1,90),(623,2,84),(624,1,95),(624,2,74),(625,2,70),(627,1,97),(627,2,74),(628,1,92),(628,2,64),(629,1,100),(629,2,84),(630,1,97),(630,2,84),(631,1,95),(631,2,84),(632,1,100),(632,2,84),(633,1,100),(633,2,84),(634,1,100),(634,2,84),(635,1,82),(635,2,74),(636,1,94),(636,2,84),(637,1,100),(637,2,74),(638,1,100),(638,2,74),(639,1,100),(639,2,84),(640,1,95),(640,2,84),(641,1,94),(641,2,64),(642,1,90),(642,2,60),(643,1,92),(643,2,74),(644,1,100),(644,2,84),(645,1,95),(645,2,84),(646,1,95),(646,2,74),(647,1,62),(647,2,66),(648,1,97),(648,2,74),(649,1,66),(649,2,68),(650,1,92),(650,2,70),(651,1,95),(652,1,100),(652,2,64),(653,1,95),(654,1,49),(654,2,84),(655,2,84),(656,1,87),(656,2,84),(657,1,95),(657,2,74),(658,1,82),(658,2,74),(659,1,100),(659,2,74),(660,1,94),(660,2,84),(661,1,90),(661,2,84),(662,1,100),(662,2,64),(663,1,92),(663,2,74),(664,1,92),(664,2,64),(665,1,100),(665,2,84),(666,1,97),(666,2,74),(667,1,95),(667,2,84),(668,1,90),(668,2,74),(669,1,100),(669,2,74),(670,1,95),(670,2,84),(671,1,94),(671,2,84),(672,1,100),(672,2,74),(673,1,87),(673,2,84),(674,1,97),(674,2,74),(675,1,95),(675,2,84),(676,1,100),(676,2,74),(677,1,85),(677,2,74),(678,1,95),(678,2,84),(679,1,95),(679,2,74),(680,1,100),(680,2,84),(681,1,100),(681,2,84),(682,1,100),(682,2,70),(683,1,95),(683,2,64),(684,1,95),(684,2,84),(685,1,100),(685,2,84),(686,1,97),(686,2,64),(687,1,95),(687,2,84),(688,1,100),(688,2,84),(689,1,100),(689,2,84),(690,1,83),(690,2,84),(691,1,100),(691,2,74),(692,1,100),(692,2,74),(693,1,97),(693,2,74),(694,1,75),(694,2,84),(695,1,94),(695,2,74),(696,1,95),(696,2,84),(697,1,100),(698,1,87),(698,2,84),(699,1,90),(699,2,84),(700,1,90),(700,2,74),(701,1,92),(701,2,74),(702,1,95),(702,2,84),(703,1,97),(703,2,84),(704,1,100),(704,2,84),(705,1,85),(705,2,74),(706,1,90),(706,2,74),(707,1,97),(707,2,74),(708,1,95),(708,2,64),(709,1,92),(709,2,84),(710,1,100),(710,2,84),(711,1,95),(711,2,74),(712,1,82),(712,2,70),(713,1,100),(713,2,84),(714,1,92),(714,2,70),(715,1,82),(715,2,84),(716,1,95),(716,2,74),(717,1,100),(717,2,84),(718,2,84),(719,1,85),(719,2,74),(720,1,87),(720,2,74),(721,1,100),(721,2,64),(722,1,95),(722,2,84),(723,1,95),(723,2,74),(724,1,100),(724,2,74),(725,1,65),(725,2,74),(726,1,95),(726,2,74),(727,1,100),(727,2,84),(728,1,100),(728,2,84),(729,1,85),(729,2,84),(730,1,92),(730,2,84),(731,1,85),(731,2,64),(732,1,90),(732,2,74),(733,1,85),(733,2,84),(734,1,95),(734,2,74),(735,1,95),(735,2,84),(736,1,100),(736,2,84),(737,1,90),(737,2,74),(738,1,92),(738,2,74),(739,1,100),(739,2,74),(740,1,95),(740,2,84),(741,1,95),(741,2,84),(742,1,95),(742,2,84),(743,1,93),(743,2,84),(744,1,100),(744,2,74),(745,1,100),(745,2,84),(746,1,92),(746,2,74),(747,1,90),(747,2,74),(748,1,100),(748,2,84),(749,1,64),(749,2,84),(750,1,100),(750,2,64),(751,1,100),(751,2,84),(752,1,95),(752,2,84),(753,1,95),(753,2,84),(754,1,92),(754,2,84),(755,1,97),(755,2,74),(756,1,92),(756,2,90),(757,1,85),(757,2,84),(758,1,95),(758,2,74),(759,1,95),(759,2,74),(760,1,77),(760,2,84),(761,1,82),(761,2,84),(762,1,90),(762,2,64),(763,1,98),(763,2,74),(764,1,91),(764,2,74),(765,1,82),(765,2,74),(766,1,100),(766,2,64),(767,1,92),(767,2,66),(768,1,100),(768,2,74),(769,1,100),(769,2,80),(770,1,90),(770,2,84),(771,1,100),(771,2,82),(772,1,92),(772,2,84),(773,1,85),(773,2,80),(774,1,80),(774,2,84),(775,1,94),(775,2,74),(776,1,95),(776,2,74),(777,1,100),(777,2,74),(778,1,95),(778,2,74),(779,1,97),(779,2,84),(780,1,97),(780,2,84),(781,1,100),(781,2,84),(782,1,100),(782,2,84),(783,1,97),(783,2,74),(784,1,100),(784,2,84),(785,1,100),(785,2,74),(786,1,86),(786,2,74),(787,1,100),(787,2,84),(788,1,95),(788,2,74),(789,1,95),(789,2,84),(790,1,90),(790,2,84),(791,1,92),(791,2,74),(792,1,90),(792,2,74),(793,1,80),(793,2,84),(794,1,100),(794,2,74),(795,1,97),(795,2,74),(796,1,100),(796,2,84),(797,1,90),(797,2,84),(798,1,100),(798,2,84),(799,1,90),(799,2,70),(800,1,95),(800,2,74),(801,1,75),(801,2,74),(802,1,97),(802,2,84),(803,1,97),(803,2,74),(804,1,95),(804,2,84),(805,1,100),(805,2,64),(806,1,92),(806,2,74),(807,1,86),(807,2,100),(808,1,90),(808,2,84),(809,1,75),(809,2,84),(810,1,90),(810,2,74),(811,1,100),(811,2,84),(812,1,100),(812,2,80),(813,1,100),(813,2,64),(814,1,100),(814,2,74),(815,1,95),(815,2,84),(816,1,97),(816,2,84),(817,1,88),(817,2,70),(818,1,100),(818,2,84),(819,1,95),(819,2,74),(820,1,95),(820,2,84),(821,1,85),(821,2,74),(822,1,95),(822,2,84),(823,1,100),(823,2,64),(824,1,95),(824,2,84),(825,1,97),(825,2,84),(826,1,85),(826,2,84),(827,1,95),(827,2,84),(828,1,95),(828,2,84),(829,1,90),(829,2,74),(830,1,100),(830,2,84),(831,1,90),(831,2,74),(832,1,95),(832,2,74),(833,1,100),(833,2,84),(834,1,100),(834,2,84),(835,1,57),(838,1,87),(838,2,74),(839,1,95),(839,2,64),(840,1,97),(840,2,84),(841,1,95),(841,2,74),(842,1,90),(842,2,84),(843,1,85),(843,2,84),(844,1,95),(844,2,74),(845,1,100),(845,2,84),(846,1,90),(846,2,74),(847,1,95),(847,2,74),(848,1,100),(848,2,74),(849,1,95),(849,2,74),(850,1,90),(850,2,64),(851,1,100),(851,2,74),(852,1,95),(853,1,97),(853,2,74),(854,1,63),(855,1,100),(855,2,74),(856,1,75),(856,2,84),(857,1,100),(857,2,84),(858,1,94),(858,2,84),(859,1,100),(859,2,84),(860,1,100),(860,2,64),(861,1,92),(861,2,74),(862,1,100),(862,2,84),(863,1,90),(863,2,84),(864,1,87),(865,2,64),(866,2,84),(867,1,100),(867,2,84),(868,1,100),(868,2,80),(869,1,100),(869,2,80),(870,1,90),(870,2,74),(871,1,100),(871,2,84),(872,1,100),(872,2,84),(873,1,100),(873,2,80),(874,1,90),(874,2,78),(875,1,100),(875,2,64),(876,1,95),(876,2,84),(877,1,97),(877,2,84),(878,1,85),(878,2,64),(879,1,85),(879,2,74),(880,1,100),(880,2,74),(881,1,49),(881,2,84),(882,1,100),(882,2,74),(883,1,95),(883,2,84),(884,1,79),(884,2,76),(885,1,97),(885,2,84),(886,1,95),(886,2,74),(887,1,97),(887,2,74),(888,1,72),(888,2,74),(889,1,88),(889,2,70),(890,1,90),(890,2,84),(891,1,85),(891,2,70),(892,1,95),(892,2,74),(893,1,100),(893,2,74),(895,1,100),(895,2,64),(897,1,83),(897,2,84),(898,1,95),(898,2,84),(899,1,97),(899,2,74),(900,1,92),(900,2,84),(901,1,100),(901,2,88),(902,1,86),(902,2,84),(903,1,85),(903,2,84),(904,1,87),(904,2,84),(905,1,100),(905,2,84),(906,1,85),(906,2,50),(907,1,100),(907,2,64),(908,1,77),(908,2,84),(909,1,95),(909,2,74),(910,1,87),(910,2,74),(911,1,92),(911,2,74),(912,1,97),(912,2,64),(913,1,100),(913,2,84),(914,1,72),(914,2,84),(915,1,90),(915,2,74),(916,1,92),(916,2,84),(917,1,95),(917,2,84),(918,1,100),(918,2,74),(919,1,100),(919,2,74),(920,1,100),(920,2,84),(921,1,100),(921,2,74),(922,1,100),(922,2,84),(923,1,87),(923,2,74),(924,1,95),(924,2,84),(925,1,100),(925,2,84),(926,1,97),(926,2,74),(927,1,98),(927,2,64),(928,1,85),(928,2,74),(929,1,95),(929,2,84),(930,1,90),(930,2,74),(931,1,98),(931,2,74),(932,1,87),(932,2,84),(933,1,85),(933,2,64),(934,1,100),(934,2,84),(935,1,100),(935,2,74),(936,2,40),(937,1,87),(937,2,64),(938,1,85),(938,2,84),(939,1,100),(939,2,84),(940,1,90),(940,2,70),(941,1,93),(941,2,84),(942,1,72),(942,2,84),(943,1,92),(943,2,64),(944,1,100),(944,2,84),(945,1,95),(945,2,84),(946,1,95),(946,2,74),(947,1,97),(947,2,74),(948,1,92),(948,2,84),(949,1,95),(949,2,84),(950,1,95),(950,2,84),(951,1,90),(951,2,64),(952,1,95),(952,2,84),(953,1,90),(953,2,84),(954,1,100),(954,2,84),(955,1,100),(955,2,84),(956,1,97),(956,2,64),(957,1,90),(957,2,84),(958,1,92),(958,2,74),(959,1,100),(959,2,74),(960,1,82),(960,2,84),(961,1,95),(961,2,74),(962,1,82),(962,2,84),(963,1,100),(963,2,84),(964,1,90),(964,2,74),(965,1,100),(965,2,84),(966,1,100),(966,2,84),(967,1,100),(967,2,74),(968,1,100),(968,2,74),(969,1,100),(969,2,74),(970,1,100),(970,2,84),(971,1,100),(971,2,74),(972,1,95),(972,2,74),(973,1,100),(973,2,84),(974,1,85),(974,2,74),(975,1,100),(975,2,64),(976,1,92),(976,2,84),(977,1,89),(977,2,84),(978,1,100),(978,2,84),(979,1,90),(979,2,84),(980,1,90),(980,2,74),(981,1,90),(981,2,74),(982,1,94),(982,2,64),(983,1,75),(983,2,74),(984,1,92),(984,2,84),(985,1,75),(985,2,80),(986,1,90),(986,2,70),(987,1,100),(987,2,74),(988,1,97),(988,2,84),(989,1,97),(989,2,74),(990,1,87),(990,2,64),(991,1,72),(991,2,64),(992,1,95),(992,2,64),(993,1,92),(993,2,84),(994,1,95),(994,2,84),(995,1,85),(995,2,64),(996,1,95),(996,2,74),(997,1,100),(997,2,74),(998,1,90),(998,2,74),(999,1,93),(999,2,74),(1000,1,97),(1000,2,74),(1001,1,97),(1001,2,84),(1002,1,100),(1002,2,74),(1003,1,100),(1003,2,74),(1004,1,85),(1004,2,74),(1005,1,100),(1005,2,74),(1006,1,93),(1006,2,84),(1007,1,72),(1007,2,74),(1008,1,82),(1008,2,74),(1009,1,85),(1009,2,84),(1010,1,100),(1010,2,84),(1012,2,84),(1013,2,64),(1014,2,84),(1015,1,100),(1015,2,84),(1016,1,100),(1016,2,84),(1017,1,90),(1017,2,74),(1018,1,85),(1018,2,84),(1019,1,95),(1019,2,74),(1020,1,75),(1020,2,84),(1021,1,82),(1021,2,84),(1022,1,75),(1022,2,84),(1023,1,100),(1023,2,74),(1024,1,87),(1024,2,64),(1025,1,84),(1025,2,80),(1026,1,82),(1026,2,74),(1027,1,100),(1027,2,84),(1028,1,100),(1028,2,74),(1029,1,75),(1029,2,74),(1030,1,100),(1030,2,74),(1031,1,100),(1031,2,64),(1032,1,92),(1032,2,84),(1033,1,100),(1033,2,84),(1034,1,85),(1034,2,74),(1035,1,90),(1035,2,84),(1036,1,92),(1036,2,84),(1037,1,100),(1037,2,84),(1038,1,82),(1038,2,74),(1039,1,100),(1039,2,84),(1040,1,95),(1040,2,70),(1041,1,75),(1041,2,74),(1042,1,100),(1042,2,74),(1043,1,94),(1043,2,84),(1044,1,77),(1044,2,80),(1045,1,91),(1045,2,84),(1046,1,90),(1046,2,74),(1047,1,95),(1047,2,74),(1048,1,90),(1048,2,56),(1049,1,95),(1049,2,64),(1050,1,95),(1050,2,74),(1051,1,100),(1051,2,74),(1052,1,85),(1052,2,84),(1053,1,90),(1053,2,74),(1054,1,87),(1054,2,84),(1055,1,100),(1055,2,84),(1056,1,82),(1056,2,84),(1057,1,97),(1057,2,70),(1058,1,95),(1058,2,84),(1059,1,95),(1059,2,84),(1060,1,82),(1060,2,64),(1061,1,100),(1061,2,84),(1062,1,93),(1062,2,84),(1063,1,93),(1063,2,84),(1064,1,100),(1064,2,74),(1065,1,95),(1065,2,60),(1066,1,100),(1066,2,74),(1067,1,97),(1067,2,84),(1068,1,100),(1068,2,74),(1069,1,92),(1069,2,84),(1070,1,85),(1070,2,74),(1071,1,100),(1071,2,64),(1072,1,90),(1072,2,74),(1073,1,95),(1073,2,74),(1075,1,100),(1075,2,84),(1076,1,100),(1076,2,84),(1077,1,97),(1078,1,87),(1078,2,80),(1079,1,80),(1079,2,74),(1082,2,64);
/*!40000 ALTER TABLE `score` ENABLE KEYS */;
UNLOCK TABLES;

--
-- Table structure for table `user`
--

DROP TABLE IF EXISTS `user`;
/*!40101 SET @saved_cs_client     = @@character_set_client */;
/*!40101 SET character_set_client = utf8 */;
CREATE TABLE `user` (
  `id` int(11) NOT NULL AUTO_INCREMENT,
  `stu_num` bigint(20) DEFAULT NULL,
  `stu_class` int(11) DEFAULT NULL COMMENT '学生班级',
  `password` char(48) NOT NULL COMMENT '哈希加密密码',
  `role` smallint(6) DEFAULT '0' COMMENT '用户权限：0-学生，1-管理员',
  `major_id` int(11) DEFAULT NULL COMMENT '学生专业id',
  `stu_name` varchar(10) NOT NULL COMMENT '学生姓名',
  PRIMARY KEY (`id`),
  UNIQUE KEY `stu_num` (`stu_num`),
  KEY `stu_class_index` (`stu_class`) COMMENT '班级索引',
  KEY `major_id_index` (`major_id`) COMMENT '专业索引'
) ENGINE=InnoDB AUTO_INCREMENT=1083 DEFAULT CHARSET=utf8mb4 COLLATE=utf8mb4_0900_ai_ci;
/*!40101 SET character_set_client = @saved_cs_client */;

--
-- Dumping data for table `user`
--

LOCK TABLES `user` WRITE;
/*!40000 ALTER TABLE `user` DISABLE KEYS */;
INSERT INTO `user` VALUES (2,100,NULL,'75545c3ee3a650624238bd4b9bffbb6a',1,NULL,'管理员'),(3,32316414,164,'7db25b4563b622f2fb271c90c0fefcfb',0,9,'何岑杰'),(4,222016,NULL,'201c031fb517a5313e957ec738dc5727',1,NULL,'开发者'),(48,9173011825,175,'269bb031d5e9a71aee6742853554fba8',0,4,'张亚菲'),(49,9173011402,175,'010f792cc32bb414e88a320a53f6fac2',0,4,'陈磊'),(50,9173011017,175,'162bc673768473614b1a03dca25c6f3a',0,4,'石雅松'),(51,9173011203,175,'09d849ecab1a45c6bfcb9207112e5ec6',0,4,'冯林'),(52,9173011810,175,'a2f80320ae7aa8fd433b1f666316ab83',0,4,'刘可成'),(53,9173010201,175,'539bdd46dda6e8e5ccadb85c33750183',0,4,'蔡振兴'),(54,9173011520,175,'4aa11ff359e9d1f189d4a435b6718713',0,4,'任娜娜'),(55,9173011112,175,'8938af8e22e0c58f6267eaa784606a37',0,4,'刘思思'),(56,9173011705,175,'b7d2f22e0e31acd794ac8f2b09f6d7f2',0,4,'韩冰'),(57,9173012029,175,'2d256e16e3980720c7741605cb8d7c9b',0,4,'竺文帆'),(58,9173011528,175,'4a33b61422d76f5bfba17a057f3f5775',0,4,'张薇'),(59,9173010721,175,'c539f97fced62c2a374d0aa53cf58a90',0,4,'谭容'),(60,9173011207,175,'138be719fe099c83d0569c42010bd1ea',0,4,'贺文彦'),(61,9173012006,175,'7b0a0381de254acca7fdb8caeddef9ed',0,4,'郭昊天'),(62,9173011003,175,'c91a1d9dc5e17e258be937e9b7b95b3a',0,4,'陈鸿誉'),(63,9173011827,175,'b9914719b7c5964bcb8b99786cab7dd1',0,4,'张寅武'),(64,9173010103,175,'ac6012956c10beb43910114e1cbeb665',0,4,'邓绍清'),(65,9173012015,175,'e0de31e751d0ce85ce3672cf7e5a9fa8',0,4,'牛春建'),(66,9173011920,175,'22128d6846bb1af903ceecb1c28fa0d4',0,4,'陶健'),(67,9173012025,175,'683d6de0c7f124fd3e4d181427488bb6',0,4,'张国欣'),(68,9173011215,175,'47f13730eb62ce945a04c6b5a4c35283',0,4,'孙乐凯'),(69,9173011315,175,'e776c4e6f78f41cb9df09eaa6c2d8729',0,4,'石永坤'),(70,9173011925,175,'579dce7e50bd52cf17391e5e82e72e1c',0,4,'禹张泽'),(72,9173010310,173,'3dc25bf74d867f5d8f4c9e6efc0d181e',0,2,'金景春'),(73,9173010208,173,'7fc0745a295eb588f5e1c8168445724d',0,2,'姬鹏涛'),(74,9173010426,173,'8120c496b73e33c2f40a9a4559150a31',0,2,'赵忠妍'),(75,9173010116,173,'007647e957f0f4e260ea4e9555cf601f',0,2,'张金鑫'),(76,9173011703,173,'1da405ce02076d9a3b10cc7fdebd7b79',0,2,'程则铭'),(77,9173011429,173,'215ad6fa18eecfa46e45ea08ef6fa9cb',0,2,'周顺航'),(78,9173010329,173,'1f18fdc197652fdc73922c200a14a365',0,2,'周建旗'),(79,9173010407,173,'582f8ac61ff03f188ee024f275b89b0b',0,2,'李佳'),(80,9173010113,173,'2f558a2eda54c9e345d43d028c5d919e',0,2,'王得志'),(81,9173010220,1703,'fa91655a9683895c7aa35d9b61a77072',0,2,'王逸凡'),(82,9173010510,173,'575959a2495294bea0510ae2d73ae19b',0,2,'李翊诚'),(83,9173010309,173,'c8d47c802bb0b13b342a91286d54d744',0,2,'黄煜峰'),(84,9173010102,173,'bc7512197d838a198311a0b9b32e4ea5',0,2,'车方婷'),(85,9173011107,173,'cfb2bfab5aaf487ee4dba46c2f9d49d0',0,2,'李凯'),(86,9173010107,173,'3bf7867c58d5addcbfa338fab26e838c',0,2,'黄志雄'),(87,9173010104,173,'d549881fbff910173fd5e7080aa67994',0,2,''),(88,9173010725,173,'73a10541c39fef86498abc6275f600c6',0,2,'吴文杰'),(89,9173010308,173,'940f3db71c15bc76c6a2e415f6d815a3',0,2,'侯威捷'),(90,9173011914,173,'6d1a27f4d1e77474effebe2602a992ae',0,2,'卢斌'),(91,9173011101,173,'00d86dd8d3c491478960400bc2e9db67',0,2,'曹猛'),(92,9173011610,173,'de4d911e96e2823688348e81baf224be',0,2,'林国斌'),(93,9173010411,173,'2628de7187168f7066e898c0d3e8c6f4',0,2,'陆亿'),(94,9173010229,173,'b96c72e825aa73bae24fb178a4da25d8',0,2,'赵明明'),(95,9179011822,173,'ae422233d74932b54e02d1a9e668c7c9',0,2,'杨振宇'),(96,9173010615,173,'fa0ae2f636d1c28aa06e628dbcaffb73',0,2,'石俊阳'),(97,9173011104,173,'2db925542bb1e5d27f6c473eaacd650c',0,2,'金鑫'),(98,9173010813,173,'a4fe5a5d5df38f6b2104d995793f4c25',0,3,'马子平'),(100,9173011708,177,'0c96ad2645626d724872803912b382ce',0,4,'金子熙'),(101,9173010722,177,'9a11a4753bbb1e6a1338d985c768608a',0,4,'王苏北'),(102,9173010410,177,'3aa585eca872eb79a7be01808b595636',0,4,'刘子仪'),(103,9173011819,177,'188f5037d787dacc7a7a970c9324db52',0,4,'杨辉'),(104,9173011715,177,'e68d0d563cc08cfae234cb629fc3d4c8',0,4,'门彦宁'),(105,9173010928,177,'cff8e06d2e31c5f26907a0a5e542e908',0,4,'张文强'),(106,9173010522,177,'188fe512eaae05961148b1eae395a954',0,4,'严欣喆'),(107,9173011620,177,'b0006c7bb755cafcb60026e1d2dafa7d',0,4,'田春鹏'),(108,9173010727,177,'4c4680c1762b5a1902740abe8b6da17c',0,4,'杨一帆'),(109,9173010814,177,'a102d54ec554b150286fbe3f52c1771a',0,4,'潘中伟'),(110,9173011110,177,'2113b915f1cf5603181844ddba12ff3e',0,4,'李啸文'),(111,9173011012,177,'e10adc3949ba59abbe56e057f20f883e',0,4,'梁智超'),(112,9173010704,177,'9f1fab2235fe95fc393e55759252e4df',0,4,'郝志豪'),(113,9173010529,177,'3ecd2260d24bae3200b15cdeac723339',0,4,'周思宇'),(114,9173010216,177,'0cc54446f46dbafa126d7b212bbd75e6',0,4,'田佳运'),(115,9173011027,177,'973678da88488d3574a54f3ccf515672',0,4,'宇琴'),(116,9173011618,177,'e6b58a567956bdf8f23d5fa56e134312',0,4,'宋晨艳'),(117,9173011922,177,'c635f959c67da317d26976844f44f0a6',0,4,'吴春鹏'),(118,9173011903,177,'02a289e2a421c5b5dbb0d8e1209bbf8d',0,4,'方思然'),(119,9173010327,177,'f764da81c8c7c001c339d38d092b3652',0,4,'赵宝龙'),(120,9173010512,177,'0413552757a375820df0890d10d90367',0,4,'刘杰腾'),(121,9173011426,177,'dcf52018d850405882f11ec73eb8da22',0,4,'赵俊'),(122,9173012019,177,'5f7f657bb9b661e7ecc04857a3313682',0,4,'陶鹏'),(123,9173011022,177,'8909cf4cd2c49fcc4f16470b54a2a332',0,4,'肖汕'),(124,9173010319,177,'18c61541e7b25d02c59cb6d1182c022e',0,4,'杨俊杰'),(125,9173011614,178,'7fe26cf3d85a6b204b6aa513fd0fdf2e',0,4,'莫钰俊'),(126,9173010213,178,'c1cc39647fe7eab8fb06dd5995755b9d',0,4,'秦鑫超'),(127,9173011916,178,'dad5b0a814f7acbdb64222cd239915fd',0,4,'秦磊'),(128,9173010517,178,'6426ab373f7378f27bd482bb081a22d2',0,4,'孙钰炎'),(129,9173011016,178,'a2e19233229d6add1aa44eaca84b9a40',0,4,'梅艳芳'),(130,9173010209,178,'e78189de42b676371d9e068db6dd4bd9',0,4,'蒋冬'),(131,9173010720,178,'47e4dd20eb7d1dba55a94c93a18bcb09',0,4,'孙铭翊'),(132,9173011001,178,'4196958db72b195a99314a1fb0c02f96',0,4,'常晓婷'),(133,9173011405,8,'d2912e18b648b8bc5e6d07bd127bace1',0,4,'何子坤'),(134,9173011711,178,'948f18deb400aa120b51375a5c2c4538',0,4,'刘浩'),(135,9173010917,178,'a11b229726633b78f75f70c7ff178e8e',0,4,'彭雅林'),(136,9173012028,178,'c91b35aa2632713859f6d99473ff316b',0,4,'朱永琪'),(137,9173011010,178,'20318959c528bcc413d41309d5657c02',0,4,'贾才俊'),(138,9173010606,178,'1c7d34c6c5e6d62295b32d49e1d675ba',0,4,'苟子惟'),(139,9173011128,178,'180b6323b36a2bdaff040a9c17e591a8',0,4,'赵燕'),(140,9173010601,178,'a7d3e7f451e124c5f24baf17c3a67de4',0,4,'曾志强'),(141,9173011401,178,'4087d7390c212769398f80675bc438ca',0,4,'陈浩'),(142,9173010914,178,'2e6de364fb646f2a5adcfe218bf9d5b2',0,4,'李宁宁'),(143,9173011020,178,'850acec5ad4a11d1e1f8c18da5aadb73',0,4,'王俞鑫'),(144,9173010829,178,'6fddbb683d8a794103dc5628a0376b0b',0,4,'周彩莹'),(145,9173011214,178,'158ab35922e7ba3911acd5b842605677',0,4,'廖方'),(146,9173012013,178,'b3a0027d57dde757bf9ef779ac3aa0bf',0,4,'罗楠'),(147,9173010724,178,'b938a3d489b3943e85d78b9ef48c7332',0,4,'吴佳楠'),(149,123456789,171,'e10adc3949ba59abbe56e057f20f883e',0,3,'曾伦武'),(150,116301716,164,'4297f44b13955235245b2497399d7a93',0,1,'赵志刚'),(151,222017,163,'201c031fb517a5313e957ec738dc5727',0,1,'开发者'),(152,30117121,171,'95ad88c2b5c60b7812aeb4cbc60ce11b',0,2,'刘瑾'),(153,30117129,171,'2714a59858104a20b5836de0470cc89c',0,2,'任炳霖'),(154,30117127,171,'aabcd8f46f158b530cfd5b3b82d877be',0,2,'铁瑞'),(155,9173010603,171,'3e992be613cf60315727091d19a9793f',0,2,'程家琦'),(156,9173010709,171,'3abd3a7fa42cb222acffb8e813bc9a67',0,2,'李菲尔'),(157,9173010822,171,'d38a24828c655e352be8bd8d93628f70',0,2,'万和川'),(158,30117119,171,'1e308821cf0d618fdcc9159dc0d7b05e',0,2,'王硕'),(159,9173010101,171,'6bca5f843ff206825452c63ee1ec5f0f',0,2,'蔡宇'),(160,9173010920,171,'912c7eb5f687721cc26b4027312bbd44',0,2,'王菁'),(161,30117122,171,'3f95d99c172e9b22eac47079f9997021',0,2,'赵亚宁'),(162,9173010712,171,'059dd3b339f0194646b4190cd9d40ba2',0,2,'刘佳乐'),(163,9173010404,171,'d8fd25ea908f4850c609b8ad0afaf0b2',0,2,'付成洋'),(164,9173010519,171,'1fb7acd5130dc0a794bc42600dd661be',0,2,'王赟赟'),(165,9173010214,171,'856a2fb538c857d411af71253d15f137',0,2,'史陈晨'),(166,30117125,171,'a7a9fe9fb1846d31862713a91326889d',0,2,'王小红'),(167,9173010705,171,'68027480c7440dcae3d259ef7e5c4eef',0,2,'何思涛'),(168,9173010828,171,'c92c9c3b2dd24fa55518a3bf51cdbfcf',0,2,'张骞'),(169,9173010626,171,'3e451972ac895d04cf7c6da1c1ae3881',0,2,'周佳伟'),(170,9173010726,171,'435f498fac6f0e76870dad2e16f0cebf',0,2,'肖鑫泽'),(171,30117130,171,'475b36b6321d7d87c77dc451af2b9854',0,2,'段长勇'),(172,30117126,171,'e58a02acdb957c50551985e50aa3dbeb',0,2,'张舒桐'),(173,30117124,171,'a53aa088ee50cc754ba506c8d40912fc',0,2,'周航'),(174,9173010924,171,'ae2b7f35a73647bc71248c3b23248a82',0,2,'徐争'),(175,9173010907,171,'ef481c22dab57acc27626be5bdcefa99',0,2,'侯仁凯'),(176,30117120,171,'545b0e15c2d8fbba6bba864b03dcce5f',0,2,'刘慧'),(177,30117128,171,'e40f01afbb1b9ae3dd6747ced5bca532',0,2,'兰雪琦'),(178,123456,155,'202cb962ac59075b964b07152d234b70',0,1,'赵志昂'),(179,30217111,171,'ba3e2a3158b5ce0af78a2e8067c48985',0,1,'李伟'),(180,30217113,171,'a4d51b074f19a238f3a5251ef27cfc5e',0,1,'梁冬'),(181,30217108,171,'c2867edb1071ba85a2b015d60a628aa4',0,1,'傅玮东'),(182,30217129,171,'da73171777268b78e6a3ac0ae9fbdb7f',0,1,'杨霄鹏'),(183,30217130,171,'b8e650a5fbd5a10203047a818bf9921a',0,1,'张鼎'),(184,30217124,171,'51d55d194014e0038e26b9a665f654cc',0,1,'吴正杰'),(185,30217112,171,'bca6f0505306890c20e7a1619f8f53fb',0,1,'李芝雨'),(186,30217102,171,'ff9ab07b668bd3f8d958417e5b6a310d',0,1,'蔡奇琪'),(187,30217107,171,'fbe5a5ab2294c7bf8a19ff0e8c339bdd',0,1,'段嘉懿'),(188,30217133,171,'b61071ed75946acd53dcfa774eae8312',0,1,'左振'),(189,30217103,171,'64214506425f5154db2ba9445beb722e',0,1,'陈美菱'),(190,30217104,171,'00fbf29f794ba898036702c94eebc686',0,1,'陈自强'),(191,30217123,171,'9c98e0e40baadb0d35fb33e31764f27d',0,1,'王刘欢'),(192,30217126,171,'5ee4a3d8a7caca8c69cad065fd2b3df0',0,1,'许珂'),(193,30217115,171,'656c80965464ae6d98bcdaa954a4d7f7',0,1,'刘振杰'),(194,30217132,171,'801af947e556bd58628e0edd53fdc525',0,1,'周锦婷'),(195,30217110,171,'23b019a74c32d3cdf31dedb4a9a9b3ca',0,1,'李晴晴'),(196,30217119,171,'468a384d67f171f473efd5fad05910af',0,1,'绳晓露'),(197,30217120,171,'14c952d5dbd42da91d8e34de5b2310fe',0,1,'谭莎莎'),(198,31117129,171,'7fc839ea6f8bddd314341c7f7c8bc212',0,1,'郑可'),(199,30217131,171,'e3f16fcc8f6117bff85da8756b5cd88e',0,1,'张焱杰'),(200,30217121,171,'41f6d151e9cf1985cec516ab1e977ae6',0,1,'谭鑫杰'),(201,30217118,171,'fec2290ba0ba079acae24cd1ec36a49a',0,1,'片多'),(202,30217128,171,'194743910895bd61b40fd256518c5b2e',0,1,'杨德鹤轩'),(203,9173011522,171,'ec6599e9c843410f10abfe4a96580715',0,4,'宋旸'),(204,9173011321,171,'1e609d559bc842561efbedfac33d8132',0,4,'伍开福'),(205,9173011301,171,'a8648a046b4d71598c475299c8ab9f33',0,4,'陈奕庭'),(206,9173011805,171,'926327299f1e42d69670b6f93822fa32',0,4,'郭延旭'),(207,9173011428,171,'0925de73ffd1b5f7a9b54460d11dc5c7',0,4,'钟浩男'),(208,9173010604,171,'84c913f8d8c1c1028ae52322e3c9297a',0,4,'董森瀚'),(209,9173010325,171,'3a057fee0e3846d8161bbf8fd73361a1',0,4,'张玉淼'),(210,9173011329,171,'5336444750dc7b2bf07082ab5d2d1583',0,4,'周辉'),(211,9173011109,171,'359994b8c21c3d1c1cc1d0a4d900ad46',0,4,'李晓萱'),(212,9173011718,171,'61839a7900ddfbed6e44fc44f8271c97',0,4,'彭浩鹏'),(213,9173011018,171,'01b1ae8de6265f0eaeac55e62728f84a',0,4,'田露旭'),(214,9173011909,171,'d0885f5f15f432958e555412e5f130f4',0,4,'孔浩然'),(215,9173011417,171,'60475fb001cce6bf8fc133cdcd76ee89',0,4,'师晓欣'),(216,9173010806,171,'19cc3d407bf79b687a4dfe3cb7e9cea9',0,4,'黄晟'),(217,9173011230,171,'cc3811550f83d5c466b93fa1c05eb0a6',0,4,'郑健乐'),(218,33316107,171,'7b90e872d5ec24c9497bd91330e08c73',0,4,'朱煜辰'),(219,9173011727,172,'d275d4bfb6ec628b09e779e6f5540383',0,4,'徐慧'),(220,9173011014,171,'a6695f39d4b0d18928233ddc92b289d6',0,4,'刘欣然'),(221,9173011926,171,'b6fa943e4b0d056b89d9e050c3cb6cd3',0,4,'张龙'),(222,9173011502,171,'95b4c206277a45423152378633b2773c',0,4,'陈俊齐'),(223,9173011905,171,'acffd35a3f13bf112fa412eb63a77833',0,4,'冯浩'),(224,9173011222,171,'a5fad663865a88aa1d6e76a89040cd3e',0,4,'夏一磊'),(225,91730101815,171,'3222f78e60f6583ea7ddbe92ec47e442',0,4,'彭晨元'),(226,9173012003,171,'d3e635b9f59b0f4e76a0b70e6aeb271f',0,4,'陈小丹'),(227,9173011308,171,'6af74bb268b82d72a86b7c0a8922c146',0,4,'柯立通'),(228,9173011809,171,'5c3d46a80ac762e433fbc73e9cd0f683',0,4,'李亦哲'),(229,33114408,171,'dbe73a1d3224082dac460ef6422954c5',0,4,'刘子健'),(230,9173011421,171,'f699174c09eaf2069cd827445ae12a07',0,4,'殷志昂'),(231,30217223,172,'74fc6eb6d2cd8bb567fadb992925d39b',0,1,'唐旋'),(232,30217209,172,'97e6d9d756d3610d2ccdf7f1c9e44e52',0,1,'简天山'),(233,30217217,172,'0ff4ea9d1975be1fb0694be63f32e01a',0,1,'佘智超'),(234,30217232,172,'f2d1a410750bd96e6cd8f98de57e1578',0,1,'朱德青'),(235,30217220,172,'0cc3384b48a6054cd9e8c07b6be51394',0,1,'孙瑞凡'),(236,30217225,172,'38ac584c4c3de85c148291c3cc43ec61',0,1,'童梦雨'),(237,30217227,172,'91781f6633ca2a64d50b68459706612f',0,1,'杨震'),(238,30217206,172,'c9e911cfb42608ee7a598f0825af6b83',0,1,'葛李伟'),(239,30217202,172,'509baa22e2c264cc0ad652f1bc590526',0,1,'丁菲'),(240,30217214,172,'c741e03ea2747509b543af352b2e9634',0,1,'罗永欣'),(241,30217210,172,'c6debef50337967f9d88e7ac8f08a33b',0,1,'焦碧玉'),(242,30217205,172,'7a650d0cbe28955122a378353b2e19f4',0,1,'格桑多吉'),(243,30217219,172,'6679208b9beca5eb15c529cb10013808',0,1,'舒孟琳'),(244,30217228,172,'96992ac4d1d827f7fab74b9d5d49ed60',0,1,'张泽桦'),(245,30217222,172,'839075bd6fe60977087f354db819bccd',0,1,'唐浩洋'),(246,30217215,172,'e700fda3b3070e24b452250cff2abe83',0,1,'吕懿娴'),(247,30217226,172,'16c974e52f0580a64d216435aef01ce9',0,1,'王春文'),(248,30217201,172,'c6debef50337967f9d88e7ac8f08a33b',0,1,'程颖'),(249,30217208,172,'fe751a6573d1819e6f4cdbbc90e4b5d9',0,1,'胡子义'),(250,30217231,172,'a60dd514e85b3db922407b98624b31b7',0,1,'周子翔'),(251,30217216,172,'ff1e9438a54281376032a437c07b5644',0,1,'穆晓蝶'),(252,30217221,172,'0a9fa92ada192b2c8e3f440b0927abb5',0,1,'孙旭云'),(253,30217229,172,'70206356af03f3a86305a66870e545eb',0,1,'郑云霞'),(254,30217213,172,'8088a40c020e03394cc6339b781772c2',0,1,'刘锦阳'),(255,987654321,171,'6ebe76c9fb411be97b3b0d48b791a7c9',0,3,'曾伦武'),(256,134567,162,'55504ddab673919cd971969daf3a62f4',0,3,'戴存礼'),(257,2004125,155,'9230bca257b2d4d11da8650010dcad92',0,1,'ww'),(258,1993049,171,'8e074f4984d3b1d2c1479ef8871916ef',0,10,'陈桂云'),(259,16123456,164,'e10adc3949ba59abbe56e057f20f883e',0,1,'啊啊啊啊'),(260,13579,15,'e13dd027be0f2152ce387ac0ea83d863',0,1,'丁丁'),(261,9173010419,172,'1f5568dc566c697ecf52466f3d8c3693',0,3,'王晓宏'),(262,9173010203,172,'17310285f83dd9625943a99b3f8dec6d',0,3,'陈诗佳'),(263,9173010511,172,'6bb79e8fbd218c68e59acc70223ab8db',0,3,'刘佳晖'),(264,9173010530,172,'ad8d183b36013a99b13ae9cb74998b8f',0,3,'朱杰'),(265,9173010306,172,'6ded07c852b2bb334be9e9cb783f5d50',0,3,'韩江'),(266,9173011508,172,'701e396e1388a92f1fa03bb8d13fdce0',0,3,'顾宇浩'),(267,9173010215,172,'be56b19502f7935b90f64847168b8633',0,3,'田波'),(268,9173011415,172,'71f07e43cf9e035698a5859460e9850c',0,3,'任浩翔'),(269,9173010330,172,'c9757d0db7159458ac4d2f0b827a7169',0,3,'朱筱筱'),(270,9173010608,172,'5459d4fa138f845d34fb2a47a6908896',0,3,'韩宇飞'),(271,9173011416,172,'6e4429a2b212d1812057abad8f5a5573',0,3,'邵益帆'),(272,9173011511,172,'37bad9d9cbc38160d694fba773316034',0,3,'侯仕宝'),(273,9173010408,172,'d6291f34902e84b908530f3ff34c98eb',0,3,'李溪桐'),(274,9173011424,172,'20942eca2c54c761acce62e0f374fda4',0,3,'张瀚'),(275,9173011515,172,'3c87b49ca2f7d2ac48171cd1752ea87f',0,3,'李澄鑫'),(276,9173010320,172,'793a977ef96b2d2eef316fbaa52c2db9',0,3,'姚新月'),(277,9173010210,172,'974091b1c467ea16281d99ba09f7b59b',0,3,'李钊'),(278,9173010811,172,'44f0366efd92ace89c4dd1dc10d7a6a3',0,3,'刘洋'),(279,9173010501,172,'8ecd6eb0f3f8845e9e49af5bec3e1780',0,3,'常震宇'),(280,9173010422,172,'63f1dd2aace4a47cc33a1c389abe8836',0,3,'吴雯珺'),(281,9173010810,172,'109764e76fd1a299d2e948ac868eb3e4',0,3,'刘孟夺'),(282,9173010513,172,'e03aea465e7709d7571c04f4e8116735',0,3,'刘天增'),(283,30316220,172,'a5faaedd244bfb9508734821d965d2ee',0,3,'周森康'),(284,9173010324,172,'e12a83deae2fb940b288cd7f13352a49',0,3,'张耀升'),(285,9173010313,172,'4ff6060820736e0c0791e25b53298429',0,3,'刘英镖'),(286,9173010503,172,'47d1fc6a1f1af80145ec933a98364b18',0,3,'陈志龙'),(287,9143010611,172,'63532ee78349c53f86cff0431446d871',0,1,'林建军'),(288,9173010923,172,'f7c289ae8e478f199827ba1f5cdc050d',0,3,'谢昊'),(289,9173010110,172,'62993a8f67a5b914a462f4622afb57f6',0,3,'欧阳思莹'),(290,9173010701,172,'c447df9b6016b69d4d990b541cda08b9',0,3,'陈策'),(291,9173010628,172,'b8c089acf38b1349f094df79a2d023d9',0,3,'朱韩浩哲'),(292,9173010611,172,'63532ee78349c53f86cff0431446d871',0,3,'林建军'),(293,9173010807,172,'dab429f8cdb95fc2e08fd2af0bad933c',0,3,'李自宇'),(294,9173010307,172,'25d687e2c7e715b2f1c9bc30a47b0863',0,3,'何小玉'),(295,1234,155,'202cb962ac59075b964b07152d234b70',0,1,'赵一航'),(296,9173011512,172,'c7a022621440c108a9ea8879e5cad7d7',0,5,'黄良正'),(297,9173011006,172,'7e57f189a6e58f295cc1ba2f9c22f0b8',0,5,'高靖雯'),(298,9173011420,172,'74b8e0f4fde1e3f712dd579ac1347cf7',0,5,'杨智超'),(299,9173011625,172,'27d9a2d55debaffa36b6c366c924c197',0,5,'杨哲熙'),(300,9173010912,172,'24f36ad0568ed43120d9aeb40c6fbebd',0,5,'雷蕾'),(301,9173011311,172,'bb7ba41c7e1f7c00b512e4ebfec5c576',0,5,'刘宇林'),(302,9173010525,172,'15c9be5397f86091a6a8afdb57eb5e93',0,5,'赵晨凯'),(303,9173011126,172,'b3d0a9adba274ca0d26a05c900cac553',0,5,'赵泊祺'),(304,9173011710,172,'232c83eb0510baab6deb56b823c93cbe',0,5,'林晓涛'),(305,9173011114,172,'9b590104513b269c022b8c9c9c4d1f77',0,5,'毛展'),(306,9173011628,172,'cc9e3d9dcff43b34a627664f244e6e86',0,5,'张家源'),(307,9173011023,172,'270cd4237129a879e80a54660251aefe',0,5,'许天睿'),(308,9173011919,172,'3ade3fd6e8eef84f2ea91f6474be10d9',0,5,'覃正永'),(309,9173010115,172,'3f00144802c824269ab05d9a3995f1b6',0,5,'杨文志'),(310,9173010713,172,'69d6914575fb4089cf1b12f2a955b7bd',0,5,'刘双丽'),(311,9173011103,172,'720b82381bb55a07dc6ca4c4b91d391c',0,5,'傅金花'),(312,9173010804,172,'51addb12de509872f8c1d30a208dc151',0,5,'方正'),(313,9173010620,172,'0d271d13ee7afb83c12d8ffdcf3c37fe',0,5,'王正'),(314,9173011030,171,'b4e7c27ff3f832aa3bb8535f01daa7a0',0,3,'郑凯戈'),(315,9173011304,171,'f88588fc151abbdf1ff9bc9cdb9dbd5d',0,3,'高翔'),(316,9173011223,171,'5633c959aafa90db5657f6837b994184',0,3,'杨晋强'),(317,9173010622,171,'7b20ace47a43d133967a534f66792112',0,3,'夏达菲'),(318,9173010416,171,'bf31ab717cbb58ff7b28bd6e90f02f79',0,3,'汪银胜'),(319,9173010528,171,'9d68fe57a75250004c4733608b37b308',0,3,'钟真言'),(320,9173011004,171,'41641bc975e3af66e8376eab2945c5f9',0,3,'陈泰来'),(321,9173010515,171,'936294dcf1bc41375614ed93025939f5',0,3,'梅佳琦'),(322,9173010922,171,'6c6d088de76486bf87e98ac002a7bf13',0,3,'向旺'),(323,9173010516,171,'c041c531f40fb67f06908b78b9670add',0,3,'邵宇豪'),(324,9173010613,171,'e5ff18abe406559a27e60bde2f64ec8c',0,3,'龙胜文'),(325,9173010429,171,'c05d8042502547ba9ead5f2e93622af5',0,3,'朱博涵'),(326,9173010112,171,'2d0fa8b1681ec9b6a3f5d10c2ca2fcd0',0,3,'唐波'),(327,9173010728,171,'b9b7d96dadfe38119b9843c9fcc0393d',0,3,'张飞雨'),(328,9173010106,171,'f7d822e06ea061411db8ce95ccee8cbb',0,3,'黄帅'),(329,9173010205,171,'607b1067c9bd71b16ea8fe1bfb587c85',0,3,'方伟健'),(330,9173010527,171,'0b187d8668fa834fd8386b68669a6c88',0,3,'郑捷'),(331,9173010108,171,'b154133857bc992370509fc166c100d5',0,3,'刘浚哲'),(332,9173010818,171,'a18ff79788311d0de63bb66c218f47f8',0,3,'钱家豪'),(333,9173011118,171,'a184f186a726834fe70f8b234bd680fd',0,3,'王栋辉'),(334,9173011218,171,'47c7f7b1d889c7e90cce679dffd5bf63',0,3,'王登文'),(335,9173010524,171,'fb9da2c5feb4b06baf47fdcac86bc6e7',0,3,'袁敏'),(336,9173010202,171,'4afb927033d0fbeddacf8dc84bf13b63',0,3,'陈建宇'),(337,9173010520,171,'b96a1fb5e8c9324f3a792c2c2a12b64c',0,3,'王振旭'),(338,9173010430,171,'4d3bf37d38d7b2be76c5ae68359fc994',0,3,'邹天余'),(339,9173010826,171,'edffcc4af5b909144f04171252476859',0,3,'杨春石'),(340,9173011408,171,'986af53bc2201548a6b5186b56de2b4c',0,3,'凌思景'),(341,9173011602,171,'926327299f1e42d69670b6f93822fa32',0,3,'郭大钰'),(342,9173010714,171,'f69ea82441e724508181bcf7c4ba3968',0,3,'刘鑫'),(343,9173011224,171,'662115af0bad2f83aa4beb46fd005169',0,3,'杨志豪'),(344,9173011102,171,'59f8057df5842e6574550830c0c94b15',0,3,'曹佐强'),(345,9173011924,171,'829d3ae7d62e07d145e52ea283d83ba1',0,3,'许鹏'),(346,9173011912,176,'e2af4d7c3e103760adb358a288776c1d',0,4,'刘胜利'),(347,9173011211,176,'a3682272c47653a19025e5e7e711544d',0,4,'李磊'),(348,9173010711,176,'1f4ed6930a89eb46e0a0fca84258c90e',0,4,'林军'),(349,9173012027,176,'722e28c17c9db4cb3109db33370f3bff',0,4,'朱文杰'),(350,9173011704,176,'0463cb0a80e2663fea2dafc36ff90f93',0,4,'郭天宇'),(351,9173011111,176,'1ec592377ba2a0267f954940a679a5ed',0,4,'李兴'),(352,9173011719,176,'db046fdea9f20f7d6d51bc6b77b4dfa3',0,4,'孙菀林'),(353,9173010314,176,'e5a2a6ed2d2e7418b5456ad957c51a92',0,4,'潘自立'),(354,9173011730,176,'0611ff3695bab27e609c5f0b89e6c6f3',0,4,'张成新'),(355,9173011917,176,'291a4c8f948798503a494c5a0cf1fbb5',0,4,'任景民'),(356,9173011310,176,'8f0543465eba41b84d4bef11298a3376',0,4,'刘兴明'),(357,9173011814,176,'e44ad0ce82e6afdd3321f7b09fc43d32',0,4,'苏克兵'),(358,9173010105,176,'2127e89caf6fca2e0c13283b5f12908c',0,4,'韩钊'),(359,9173011019,176,'6a811810b1b423879ef5cc8b024e4c94',0,4,'王亚洲'),(360,9173010312,176,'388db5bfbac8fef00d112cd3d41b93cf',0,4,'廉高欣'),(361,9173012002,176,'17c82d82f35d29dbca2ac4d9641a2fa7',0,4,'常钰琪'),(362,9173011306,176,'dcfcf5484a6e7ec702ddd56755fa8800',0,4,'顾庭伟'),(363,9173010902,176,'8c4d98fd7673e7175d11e9cc5b4fb599',0,4,'程德民'),(364,9173011813,176,'48153c6b14b450304ea913e9a71fd841',0,4,'南佳兴'),(365,9173012014,176,'c3ef64122f56f98168845d68fcea8d35',0,4,'马鹏飞'),(366,9173010929,176,'b0e79dce5fefc08561c3875ae749ee3a',0,4,'周星呈'),(367,9173011526,176,'bc6ac0f03b036c206a6ef7d071e72a19',0,4,'杨彦霏'),(368,1524,176,'e580f49fd08395618130a86e43fd4ecf',0,4,'武娟娟'),(369,9173011524,176,'e580f49fd08395618130a86e43fd4ecf',0,4,'武娟娟'),(370,9173010207,172,'59306f5fae80db10d5cda5fec0be0c4c',0,2,'哈布尔'),(371,9173010812,172,'8253a36df72341a4dbde839a9ffcf5b7',0,2,'罗灿星'),(372,9173010605,172,'4eece6e42c9c45d692cc089d47fd3061',0,2,'高辉'),(373,9173010609,172,'c778bd8891eadb7faa5a0d4c01721132',0,2,'韩正'),(374,9173010418,172,'ba3cad50df6f10c8e995e08733f1b7b1',0,2,'王硕'),(375,9173010801,172,'5fb4e85ec8bc6f2c673203e9f45bb720',0,2,'陈城'),(376,9173011507,172,'bf7c1588afaef3a488b12a7c5f25065e',0,2,'符信'),(377,9173011608,172,'3df185fff9349338a3d58027f12d2789',0,2,'李文浩'),(378,9173010304,172,'538c9ccc9e66d777fc35a49c603f5015',0,2,'陈雨静'),(379,9173011516,172,'ed9e98429d4c2fe088b7f897cd238f2b',0,2,'李贤梁'),(380,9173011106,172,'023b27e8777458d029fcde498b5b170e',0,2,'李斌'),(381,9173011609,172,'55a13a8da097338b34a158c8036bec89',0,2,'李政积'),(382,9173010109,172,'07d4951ff41124a3b6e22b7e0d071531',0,2,'穆朝友'),(383,9173010507,172,'dfdee1d6161f69bf45d2ffbb92322153',0,2,'苟光康'),(384,9173011627,172,'6235657258365b0f02748ad71fe5f106',0,2,'张佳宁'),(385,9173011009,172,'f504d32abdabe9f5b846137b681acba0',0,2,'籍旸'),(386,9173012010,172,'614f92b10feaf569056b0dc03882d439',0,2,'黎靖宇'),(387,9173010930,172,'554183eedca063ded79d4d97cf35bdef',0,2,'朱子豪'),(388,9173011220,172,'1da5bd27a70a10a37e73af41755b2c17',0,2,'王艺升'),(389,9173011812,172,'8e77cf72513bfa793cdd541be3b1d2f9',0,2,'米玮玮'),(390,9173011928,172,'428b2fd19c1ee15b691d2909736985fd',0,2,'张枭'),(391,9173010825,172,'880d25b21944cc10f01d94f6682c7b7a',0,2,'谢凌龙'),(392,9173011316,172,'ff24bb9caa86b5b8564e4c72d674abfd',0,2,'邰升'),(393,9173011720,172,'4f749ca38c60c3453901332104dc131b',0,2,'孙玺航'),(394,9173011025,172,'d75ffb63a0e14dfaabd41db0d12d7986',0,2,'殷梓城'),(395,9173010406,172,'d9f00136bb8b9b664a927b2dc7b8f5dc',0,2,'黎凯'),(396,9173010830,173,'5ea4c457e599e9eef9e1bfa873326993',0,3,'朱智强'),(397,9173010413,173,'1b1642837087df2554084752e572f1ec',0,3,'商凯'),(398,9173010506,173,'2e3ce940a04bdaad192bce6a954f6bfc',0,3,'付帅淇'),(399,9173010428,173,'8ab3cbf9ad873184357e3a3dfd462f7e',0,3,'周家鼎'),(400,9173010303,173,'36aff5840dbfe0e05e40816b697902ec',0,3,'陈俊男'),(401,9173010509,173,'aefab191b4ef299b339ebeeff1550821',0,3,'李超'),(402,9173010719,173,'1732748e3114feaa9f9e293567a0e826',0,3,'石晓雷'),(403,9173010401,173,'8e310df5da170452d5fe1bca11f1e5cc',0,3,'曾金辉'),(404,9173010723,173,'e10adc3949ba59abbe56e057f20f883e',0,3,'王鑫'),(405,9173010425,173,'0e236a6101a9e18b3e5c17e82b78b7f4',0,3,'章明理'),(406,9173010708,173,'9ac4f9264754f730af5ea1a2aef3aa13',0,3,'孔萌'),(407,9173010819,173,'7204a49282429dfd46c03de40cb49504',0,3,'屈非莹'),(408,9173011501,173,'e1d04953b8d9add77abf59b986455e21',0,3,'包仕政'),(409,9173010805,173,'f183190d4b337c6f1568a13133f731e8',0,3,'付明明'),(410,9173010821,173,'a7acab428222c6bdc29f29793ea7ba64',0,3,'石宇'),(411,9173010317,173,'36152e433fd1dc5467cd4b603f209343',0,3,'吴佳玉'),(412,9173010627,173,'cc327c8744f96d66ea3844f839049a43',0,3,'周慎远'),(413,9173010717,173,'681e4916f703cd180ceb456b59c8739d',0,3,'马祺森'),(414,9173010715,173,'8f55d2b1c66376508abbb6879a25130a',0,3,'陆沛文'),(415,9173011323,173,'33a7bbad24b9551a7e09c44b5f40ff9a',0,3,'薛雅丹'),(416,9173012004,173,'4152e7ac47264af6539ae1233f2bf2a7',0,3,'陈志远'),(417,9173010326,173,'de246751e30b40061e1b9450e18cbeb4',0,3,'张志鹏'),(418,9173011423,173,'edb40f7549c77d5a9b35446d9a40bd23',0,3,'詹家微'),(419,9173010505,173,'b010888ae1df621afb7ce44805867009',0,3,'陈啸'),(420,9173010729,173,'8b3146a65175d87d98990455644ebef5',0,3,'张浩'),(421,9173010424,173,'e137f0ae9602821e837206b5576ead65',0,3,'余沾磊'),(422,9173010117,173,'06680bdfaae4e02cb4a2a4be5ee9186f',0,3,'张磊'),(423,9173010610,173,'268ea2f5d63df47867d1ba38450170be',0,3,'李永太'),(424,9173011506,173,'922755a9e3d67a8a3bef43b1edb3e50e',0,3,'范鹏宣'),(425,9173010318,172,'0bc7fc753e20721dcccd06b3f9aa53b9',0,3,'杨惠敏'),(426,9173010302,173,'a00b5e9e509f6be4f75485c9524166ba',0,3,'陈柏一'),(427,9173011603,173,'4ac8d58e46dc5d5b2c7587a6f390170c',0,3,'何凯歌'),(428,9173010114,173,'4ea03a82682778ab7d3073c5ab53f6c4',0,3,'吴松'),(429,9173010502,173,'b010888ae1df621afb7ce44805867009',0,3,'冯灿'),(430,9173011619,174,'b7496a1492fce8174146883834bd70ab',0,3,'宋宇森'),(431,9173010802,174,'2b8c597d49cf6be8c27a50080052f065',0,3,'陈圣伟'),(432,9173011530,174,'adff4ed0b8d662db4f280998173563ee',0,3,'钟笑听'),(433,9173010703,174,'e2ccf35ba1997ddb93f40a3131ed375d',0,3,'董浩东'),(434,9173010518,174,'e80735a0e8594876d3ffa4fe2767a8f7',0,1,'王源'),(435,9173010716,174,'a101deb5972e82928574c6b90cd4425a',0,3,'罗旭'),(436,9173011529,174,'d1fb7157c3a9cbe4c899d9e91c8a15e7',0,3,'钟名海'),(437,9173011221,174,'50b85b87bc3f3efdf164e958096296a2',0,3,'温瑜'),(438,9173011117,174,'91cc5a51263226e82c92c0e0806793fc',0,3,'王超'),(439,9173010521,174,'4f529222c4693f83c0cdf2f4b0e34b2a',0,3,'奚特'),(440,9173011123,174,'9c31b4c92ca049ef1ad13723b83f95f2',0,3,'余俊杰'),(441,9173011527,174,'feca5c49e2da68f295bfd2763ca0fe75',0,3,'于晴'),(442,9173010730,174,'181bd31fe66a6c2381c2a62be59425db',0,3,'周德时'),(443,9173010227,174,'c62cd34fc8fbd30a8346d06a407d50ca',0,3,'张松'),(444,9173010219,174,'5583413443164b56500def9a533c7c70',0,3,'王杨阳'),(445,9173011324,174,'84b5682f2023d1153c17592bbabe4d83',0,3,'杨沂锟'),(446,9173011510,174,'ec7f4e2626ab4d71c7e267b99848e459',0,3,'韩雨洳'),(447,30316401,174,'bf46503c3f48281100883c82fd3d1436',0,3,'王银柱'),(448,9173010427,174,'ca4a66218be427024a4b436a52e72306',0,3,'周珩'),(449,9173010405,174,'2456aa80e94b616ab84948d79a26c597',0,3,'耿洋'),(450,9173011120,174,'b70c5df6a2d8352f47951e4926349d8f',0,3,'徐阿青'),(451,9173010212,174,'ac946efc65bf396c95c3fb560e0fbeb5',0,3,'钱凯'),(452,9173010710,174,'25d55ad283aa400af464c76d713c07ad',0,3,'李田'),(453,9173011303,174,'cfc363290383a9db9090b602adb9b0a0',0,3,'高华君'),(454,9173010228,174,'1ce5b161966458cd1770c66f03a690f9',0,3,'张宇涛'),(455,9173011026,174,'6186a3b1c21657bb66421841e8931121',0,3,'游勇'),(456,9173011302,174,'c19f5041b51d1fbc7dbf8f354c8c7ac3',0,3,'樊瑞梁'),(457,9173010514,174,'0bead57d6c66563be8b22912309a18a1',0,3,'柳志新'),(458,9173011729,174,'28c6ea7bfac03c0291ca2c9227aaee4f',0,3,'詹高杰'),(459,9173010908,174,'28ab7747b27b7595bd492c82f431bb4d',0,3,'胡起源'),(460,9173011412,174,'2121e118d27277c98ca11bce42cdbb94',0,1,'龙石桂'),(461,9173010624,174,'8aa6be3fc5cb230b0f454c979623d3e9',0,3,'张渤衢'),(462,9173011125,174,'f92589266f2e829aaf8c312835362b6a',0,3,'于永波'),(463,9173011518,174,'a45fdb1e4ac646c9e65a1769663e5704',0,3,'刘子煊'),(464,91730105181,174,'e80735a0e8594876d3ffa4fe2767a8f7',0,3,'王源'),(465,91730114121,174,'2121e118d27277c98ca11bce42cdbb94',0,3,'龙石桂'),(466,30217314,173,'5e790ecf3ee8ae7bc56bce1c531705ef',0,1,'李欣悦'),(467,30217322,173,'e10adc3949ba59abbe56e057f20f883e',0,1,'王云云'),(468,30217306,173,'fd59d27a9acffd3dff35f359666f72a5',0,1,'高慧'),(469,30217312,173,'9d99a7fd9303fd4ceba9a45e7366347e',0,1,'李东梅'),(470,30217328,173,'87a97832189131b7c5d37d9609cfd740',0,1,'郑昌雄'),(471,30217307,173,'f15abff378ce7cab3dab0eeb4bc61b98',0,1,'高锐'),(472,30217325,173,'463b1a36fcf947c2bf65667d8a9e354f',0,1,'杨振珑'),(473,30217309,173,'4c4a9d375e57af34ab43c09f63c562b2',0,1,'格桑伦珠'),(474,30217327,173,'667aab5fd84d8c569e0c18e4138fdd75',0,1,'赵思宜'),(475,30217311,173,'cd5585341597f6dad4b5130bb71f29b9',0,1,'黄苏平'),(476,30217320,173,'6d36fce21db422d18d52c90aead2c705',0,1,'宋晓晖'),(477,30217308,173,'ba2216d9a58ab6388f015574ed081d05',0,1,'高愉权'),(478,30217330,173,'5a292d6bfb766779d859ab9cb96da975',0,1,'朱香原'),(479,30217301,173,'29c379398fcfcccfda68b5e05cb3a707',0,1,'曾梓成'),(480,30217305,173,'d010ce12bed96b1b872522d68d3f08cc',0,1,'樊佳欣'),(481,30217313,173,'9f97a9de45c1dadca71a2f1b37d4d7b0',0,1,'李华健'),(482,30217329,173,'9826a460a0f137d9aa467429d84fea68',0,1,'周佳'),(483,30217318,173,'4365d1a68aae1597f85744101dee9d02',0,1,'马雪'),(484,30217324,173,'25f9e794323b453885f5181f1b624d0b',0,1,'杨家富'),(485,30217326,173,'b3cae75b5f75f9fd10d5accaa168ad50',0,1,'张少烽'),(486,30217302,173,'650ad3891b96e3c4c4e04539d39d0460',0,1,'陈旖黎'),(487,9173010629,172,'0b9e7b9b09ce42ac1250bf318433da90',0,4,'朱童'),(488,9173010328,172,'7ab33cd072e7bd86edb8f930dd66ff97',0,1,'钟濠屹'),(489,9173011015,172,'75fdf3c765e31aadaf6a7fe8aeda56f5',0,4,'刘泽松'),(490,9173011906,172,'d9d4e660271aacafb5603ffe04a1d9a2',0,4,'胡清元'),(491,9173010630,172,'ec34f3f13dd301bc633dee53f1a8a983',0,4,'邹宇轩'),(492,9173010820,172,'4e33ffb5534633debd6ed564b908bff5',0,4,'施晓敏'),(493,9173012022,172,'3aa38c9b3f0c5cbf80cf52e15ddff3ff',0,4,'杨悦'),(494,9173011921,172,'b18c4a545b21e74efd8e652c4696f0d3',0,4,'陶喆'),(495,9173010911,172,'fe84e8e6f37003b345c34adb5b68d97d',0,4,'蒋民杰'),(496,9173011407,172,'bc08d2902f5a23298f04605798bf2683',0,4,'廖亚兵'),(497,9173011915,172,'e2c2d4676387c00b8c4f8187f5a360a9',0,4,'卢有钰'),(498,9173010910,172,'e79dd035c6fe3695dc73557ab2320f70',0,4,'姜紫薇'),(499,9173010417,172,'e90440eeb1a2ef0eb8cc9f1f8dcbdf2a',0,4,'王慧'),(500,9173010808,172,'9f59ba1f5da7c460ba463a30f8fecf8a',0,4,'林泉锋'),(501,9173011816,171,'b093cbd99882bdcffb397897855b0d75',0,4,'万福健'),(502,9173010817,172,'0724393276287de25d86341774a7f383',0,4,'戚元杰'),(503,9173011723,172,'7780d14460d8955621aaa37a8cf79131',0,4,'王雨薪'),(504,9173010618,172,'740a8dbe66aa6ae51c9159489e2268c3',0,4,'王烁晗'),(505,9173011113,172,'30dac36b381b4abc5bd7011af84fff74',0,4,'刘颖'),(506,9173010111,172,'81d17c356ec548d27431929e1adfd18b',0,4,'齐观超'),(507,9173010824,172,'28211c703e777f4172f84d488357b2a0',0,4,'王欣欣'),(508,9173011208,172,'7988d332e1d282e68346ed3c335e1bd4',0,4,'侯瑞琦'),(509,9173011525,172,'dc06509d1d87fe27e69f4572dba4bc53',0,4,'杨斐'),(510,9173010921,172,'910f7ef04c29d3b42c038554ee929ef4',0,4,'夏劼'),(511,9173011517,172,'f43add8f05c1b0f36d07a0cc382475dd',0,4,'李雄轶'),(512,9173011427,172,'dd9335b208c172763448387fccf03864',0,4,'赵凯'),(513,30217422,174,'3839b265fc9e03fd2f21dacf537737da',0,1,'彭天然'),(514,30217432,174,'eee9de449eb6ef9eb20e589241adbcb0',0,1,'左瑞林'),(515,30217413,174,'f7c67543ddefd674ece9fe85f65ede37',0,1,'韩璐'),(516,30217418,174,'2d380a6c63f6de6e591b7ec65e0e7276',0,1,'李庆睿'),(517,30217426,174,'a367dc43241eae8e85aa99dd5267dd5e',0,1,'谢璧任'),(518,30217423,174,'83ad39553a78485e63d743e8ff573e8e',0,1,'邱婷涵'),(519,30217414,174,'a70f6fe985cea981f330220ed6fa7b9c',0,1,'郝彦冬'),(520,30217424,174,'fd319b0398a95c55ee54d6b8b6c6b27a',0,1,'孙佳慧'),(521,30217406,174,'eb0199b777b7aaa2f550b0816639d236',0,1,'程鉴泓'),(522,30217415,174,'d1b2cc725d846f0460ff290c60925070',0,1,'贺兴鹏'),(523,30217425,174,'d9858a4e51eb162452ba3e45f033fa78',0,1,'王琳'),(524,30217403,174,'9ac753b51fa31e1ca1a08a6b0de031d5',0,1,'陈汉平'),(525,30217430,174,'ed47e7bb76ec7ea2cf25a440dae92a15',0,1,'余一伟'),(526,38217408,174,'d06e2c089acdda551ea997295dab13b1',0,1,'段家明'),(527,30217428,174,'b3382f6446393ec157dd439b9e11dc5c',0,1,'杨胜寒'),(528,30217405,174,'f1f17f4d2cd0ecd8aae8e9482e8a7315',0,1,'程驰'),(529,30217410,174,'71279897d31bfca0aa1b629256db3ca2',0,1,'段荣荣'),(530,30217404,174,'3c65bccf8d98634ca0d92cbd445639d1',0,1,'陈瑞亭'),(531,30217419,174,'76f7298f0d19d749552654b7bd59bede',0,1,'廖华禹'),(532,30217407,174,'2398f5bf80eb84512d33322c5b5caa5e',0,1,'丁思尹'),(533,30217417,174,'c850fc92cf6afcb3283d8d4619f7078b',0,1,'黄珍'),(534,30217416,174,'b71bbf4a8d6df2c6b64eb32d3d31bb8a',0,1,'洪康锐'),(535,30217409,174,'a5eb584bd95b6bc3178dfa53dd191691',0,1,'段琪'),(536,30217429,174,'eecd8ee905a2626190df47b9048cd496',0,1,'殷小思'),(537,30217401,174,'fb74f3071f62149678359c5a4de080b8',0,1,'敖宏贵'),(538,30217402,174,'c5eef91a677462eba4c44455388d8acf',0,1,'曹福'),(539,9173011225,174,'ad3fbe9b2714e5b79f56e2f8149fbee4',0,3,'于永波'),(540,9173010623,173,'739f67761f16505d25e8686e7fbf4acb',0,4,'杨佳宁'),(541,9173011615,173,'ddd55e846f0ed92ec713c314edb66c0b',0,4,'曲梦龙'),(542,11117226,173,'4f396d027b806a17203d3c59e87fba90',0,4,'倪阳'),(543,9173012021,173,'4dd4a20c2f8fc4277ddd1d1b58496460',0,4,'王昌浩'),(544,9173010919,173,'0061ca00d7d9ca6aafc8b1dd902b99af',0,4,'田若辰'),(545,9173011024,173,'a56b58a665253d36672399e07457a79d',0,4,'杨玉华'),(546,9173011607,173,'60ac8a78c4d909f0056b2415f5f3a896',0,4,'李文豪'),(547,9173011309,173,'181e1cb9542c25d64ec6422ab2c08568',0,4,'李金源'),(548,9173010223,173,'aec264e4d70a155e67013d2fa336884d',0,4,'夏硕'),(549,9173011807,173,'a12eb3f3062d8f765bb675002d97b89b',0,4,'韩萌'),(550,9173011021,173,'1b24ad8f471e325f094ad46ddb4af4ad',0,4,'吴俣'),(551,9173011519,173,'42ef40343490764aef6ca4022ea2c014',0,4,'孟庆杰'),(552,9173011721,176,'51e6d01b22b63e8949112291b67350cb',0,4,'王威'),(553,9173011826,173,'f524e85f5ffb7388b7c2e3fc4c3a0fe0',0,4,'张耀之'),(554,9173011326,176,'5470c84ed08b42e7326044c7f907e59f',0,4,'张驰北'),(555,9173011406,173,'351c388c0de358101af6420c57d90c5d',0,4,'姬丽'),(556,9173011605,173,'892f1aaafa245149f9ee3f5ec05a8f00',0,4,'黄丽锦'),(557,9173010809,173,'e9d356b983285aaf6b98afed8d6953ed',0,4,'刘靖川'),(558,9173010621,178,'730b5fccf50b6549c73ad6c106baa332',0,4,'王志豪'),(559,9173011626,173,'c93af884d5c9e3d6b42b0750246ac832',0,4,'张航'),(560,9173011709,173,'95adb78547768929ccfce0d0c0f9522d',0,4,'李金福'),(561,9173010925,173,'a4ac3bbe172c648221d07eb7e1c29183',0,4,'闫新如'),(562,9173011330,173,'6bb9fe64badcf9fb5c8ce13b4ddd2fbb',0,4,'周静宇'),(563,9173011219,173,'53eacc159abcb7c657d4d93f697fdbf8',0,4,'王黎明'),(564,9173010402,176,'f9285b8517a373840e8ff05f64b9f4a2',0,4,'陈远路'),(565,9173011122,173,'9a76cc494b4842211a88cab9a5805010',0,4,'杨彬'),(566,9173010906,173,'b5cd50d4f024576df08028d849e7a22b',0,4,'郝江帆'),(567,9173011312,173,'a4e0a49f72d66d81c5119db91e0a8044',0,4,'娄欣'),(568,9173011504,173,'47b1cb5fef48a38b58696ce0ccd558e7',0,4,'陈玉华'),(569,9173011226,173,'6f67543d1df7cea9c0fad2993a93c745',0,4,'张进'),(570,9173011907,173,'b2ab0c6ca01167ed10f2a39d353afff7',0,4,'华伦'),(571,32117229,172,'d1cfacc57a01e3a2bf5ae06ce26df2f8',0,7,'赵杰明'),(572,32117228,172,'7568b9daa00e6ff41933d09d754eaf8c',0,7,'张政'),(573,32117224,172,'4d3c46af9073acac42b98cbf3ae654b0',0,7,'於超'),(574,32117213,172,'f37ef6172512b6c747b9c34646dc88c1',0,7,'田震'),(575,32117210,172,'a08e26116b3a6d4720807d4f9857e199',0,7,'毛雅婷'),(576,32117211,172,'2c576f0d111f4a337802c0a071f866d7',0,7,'孙博'),(577,32117230,172,'339a606fb6778d586d9208e1dc3c9b53',0,7,'郑文琳'),(578,32117222,172,'1dcbd4401a1d63a56445270febc1819d',0,7,'杨媛媛'),(579,32117219,172,'65cfca0b65e349361a2e9d45d47d598b',0,7,'徐松'),(580,32117206,172,'e10adc3949ba59abbe56e057f20f883e',0,7,'康旭娟'),(581,32117226,172,'a6476f730b71d68a618fdcc47c006ab4',0,7,'张昂'),(582,32117223,172,'cea33728c4134252925bee01a062cbb5',0,7,'阴宇宁'),(583,32117214,172,'6525cb7c6104438b74567f89d12d7b03',0,7,'王国君'),(584,32117212,172,'f859a2e384f899640dc813516fb22037',0,7,'田琪煜'),(585,32117227,172,'fadf165a1a3dc218d5906b3c1ea2df74',0,7,'张生泽'),(586,32117216,172,'86edc494490136f0fc136841a05498d5',0,7,'王宇飞'),(587,32117220,172,'5c3266bedf8d948badf70ecbdb8232d2',0,7,'杨凯鑫'),(588,32117215,172,'0a5cb1cee1a252215832a5f1fc5bb845',0,7,'王乐瑶'),(589,32117204,172,'af49c0eb4ab78b01c1a323ed0b967a0a',0,7,'范鑫'),(590,32117225,172,'cb58c74e2c4c9f2be5c5d3a0edf94c23',0,7,'俞格格'),(591,32117209,172,'2aa01fc56e600e26dd756ebc9d01f762',0,7,'李赟莎'),(592,32117217,172,'c1e3e9961f21317f277d20328ea07250',0,7,'谢珂'),(593,32117208,172,'3b2ffb48342bc5ae1032eae7e16957e9',0,7,'李玉洁'),(594,32117218,172,'5231d5b3587375ec74de7c9b86ece611',0,7,'徐鹏'),(595,32117201,172,'fcea920f7412b5da7be0cf42b8c93759',0,7,'丛正'),(596,32117203,172,'018883bf84b8b857039a9f9580bf3e02',0,7,'樊旭'),(597,9173010815,171,'3222f78e60f6583ea7ddbe92ec47e442',0,4,'彭晨元'),(598,9173011908,174,'c93a853e43c5f672ea3468717555c395',0,4,'黄雅萍'),(599,9173011801,174,'c6298da04a95a5f2aadf422db0c981d9',0,4,'曹彪彪'),(600,9173010816,174,'f9edcda12fe1e30eb3527bb0cdb3be00',0,4,'皮佳玲'),(601,9173011409,174,'af0e2349ffc75bdbad36b272ec9756f1',0,4,'刘奇'),(602,9173012001,174,'8f7bc7b27ea62fcf62987db6541945dc',0,4,'曹盛昌'),(603,9173011005,174,'fce9a559beeed72231d568c4ee08da34',0,4,'邓笑之'),(604,9173011127,174,'a784ecd4651793fdf92dfaaa282ad82f',0,4,'赵操玺'),(605,9173011521,174,'ad2d62a36298bfea3dfbd5c0b0a86a9b',0,4,'石林'),(606,9173012009,174,'f47f5af298ad7a7c02a88125969a2896',0,4,'蒋雪飞'),(607,9173010301,174,'bf030a38a794dc3b39ab65074eb5c529',0,4,'曾赫'),(608,9173012026,174,'d9f6ada8797f28b814279855b2392beb',0,4,'张寅嘉'),(609,9173011611,174,'76957331e323f9d7add6f5a3851f473a',0,4,'刘一贤'),(610,9173011630,174,'bb8e69a098141e220159e472c1cf16f3',0,4,'左浩然'),(611,9173011706,174,'45ef8540048bf12f3f7653f60d595994',0,4,'何俊淞'),(612,9173011829,174,'a26557330d5c3856e664abf52dff2ad5',0,4,'朱大杰'),(613,9173011902,174,'9a5a81a4e5b4be9f668796e40208feaf',0,4,'陈谢瑞'),(614,9173011002,174,'f4787ed028ac5792a2331a034575c422',0,4,'陈泊林'),(615,9173010803,174,'70d65c6a96564bec03b457b955584f82',0,4,'杜海燕'),(616,9173011108,174,'76f92e5731ea61b85acd3fa90681e1b2',0,4,'李孟朔'),(617,9173011722,174,'267715117d49feaddd1ba641eb37c522',0,4,'王小民'),(618,9173011918,174,'3ddbfee554ca97ced9aaa822614d294f',0,4,'宋一帆'),(619,9173010225,174,'25f9e794323b453885f5181f1b624d0b',0,4,'杨文文'),(620,9173011911,174,'6a699abb3bf713f790a415242e3e3853',0,4,'刘明嘉'),(621,9173011617,171,'1269531651607248b2232bf448c2186d',0,7,'施佳佑'),(622,9173012008,174,'be5c16e246935f466073d3d7b44a1938',0,4,'何奇汭'),(623,9173011713,174,'93a00651818785ef7daf2a5a04fc3924',0,4,'罗宇航'),(624,91730111250,174,'1a6c5c242bde14212f0a9fa3e0120f2e',0,4,'张玮'),(625,9173011822,173,'ae422233d74932b54e02d1a9e668c7c9',0,2,'杨振宇'),(626,333444,161,'e10adc3949ba59abbe56e057f20f883e',0,1,'曾婧'),(627,32117131,171,'797f69b345f300bafd556733f3035585',0,7,'征程'),(628,32117119,171,'6ba90c3b83c6a2d4c66868cf414886c4',0,7,'马利强'),(629,32117101,171,'898bbb8718f0a1aa877b611dec152184',0,7,'白金涛'),(630,32117106,171,'84bcb2c67dccc3da8249a7c2c924ec9c',0,7,'侯佳琦'),(631,32117110,171,'c1e9caf58c673819ff7f560f6411f296',0,7,'鞠佩芸'),(632,32117108,171,'d422d6affa5891fcf0b78f656252e48a',0,7,'胡传胜'),(633,32117107,171,'c5330789a68aca41670482723a8034e7',0,7,'侯子菊'),(634,32117113,171,'d720820892d4082a25e03449c536a044',0,7,'厉健'),(635,32117121,171,'f4520d17e496cda192ab7d816f5e0f4d',0,7,'施映光'),(636,32117130,171,'4f1333dd28600775681a46299e739ff6',0,7,'张怡琳'),(637,32117109,171,'79531eb00956cf80d906ab3929ac79d0',0,7,'贾志芮'),(638,32117123,171,'0928e8fcb8519b3fcba95eccdb82eea6',0,7,'宋沛哲'),(639,32117128,171,'0da08536ef65ef1ca17892c61a089a7e',0,7,'张萌'),(640,32117111,171,'291e54f95a163d77cf0b514bc513095f',0,7,'李鹏'),(641,32117103,171,'f7dc69bcc48df7fa7f92b4f08440cda8',0,7,'董海玉'),(642,32117114,171,'5241fb24ba6d60f485089a90cd021021',0,7,'刘国倩'),(643,32117118,171,'e3b073ca3779a3e973257fa5ab97ad1d',0,7,'马承喜'),(644,32117112,171,'74223a89658b2be0e45866098e8a0360',0,7,'李鹏玉'),(645,32117115,171,'e558dd00a6811c1d67d168c753c0260a',0,7,'刘佳敏'),(646,32117122,171,'450ec2dfe7f377f9fa3c86e7a660e066',0,7,'帅霖'),(647,32117102,171,'e10adc3949ba59abbe56e057f20f883e',0,7,'陈小涛'),(648,32117125,171,'6aba9723506cf120b291d6b83fd8dc95',0,7,'徐越'),(649,32117132,171,'cbc5ab3f4408281499c102ade9aa2e83',0,7,'郑家乐'),(650,32117129,171,'825eae7e2e4d806f54b1399515bb88a1',0,7,'张亚洲'),(651,32117105,171,'872e90c9390a642289c007ea1c658098',0,7,'巩晓蕾'),(652,32117104,171,'08387725ca8234b4b018e41d1edc766c',0,7,'方宇'),(653,32117126,171,'537c9ec9bb441a7affa8daa328be03fb',0,7,'杨文明'),(654,33114624,173,'006abb87d83002dd332dea8134b447af',0,4,'秦亚涛'),(655,91730118011,174,'0339e038947872db9c5e160bc2a602b2',0,4,'曹彪彪'),(656,32217211,172,'24110d71835f1a217561f95c60013456',0,8,'梁正泽'),(657,32217218,172,'ca91399ec6dca609c81c3d99e6f715a7',0,8,'王星宇'),(658,32217203,172,'d124554fabed513ae660f0557fd9c245',0,8,'龚天宇'),(659,32217221,172,'d5a1b1b7a3fe2690c392504645c6d648',0,8,'杨枭'),(660,32217213,172,'232d31ed2d9765a63b85f644b2dbddf8',0,8,'平博文'),(661,32217216,172,'239dcf292b9ccedb34f27f9be678cfc9',0,8,'王向'),(662,9173011929,172,'6533c5d426e89bdf22c8abfc64aa8fe8',0,8,'张亚成'),(663,32217219,172,'8e56b61250cca417daaf3952a4993b54',0,8,'文成军'),(664,30217109,172,'7fac76f0ca23c1ded187bc07beb533ed',0,8,'冷雪敏'),(665,32217227,172,'bcfc5fb1f7a3159bc8001802b46a5ece',0,8,'赵胜超'),(666,32217222,172,'f759cb3c1c2cd43e8fcbc3f7e019c81f',0,8,'于蒙'),(667,32217210,172,'419db846ebaf72bb49dad72f23fcd874',0,8,'李长春'),(668,32217204,172,'ceac6493538971bdc870aeeadf5bafd6',0,8,'韩雪'),(669,32217202,172,'1adeb3124e44037fd7a257edc8c94b98',0,8,'曾鑫'),(670,32217212,172,'7b3e0db3e7ffc8cb22a5401e7c401f2c',0,8,'罗永康'),(671,32217205,172,'2955c6ebe82a053a5e1cb89d0602f9df',0,8,'韩泽宇'),(672,32217209,172,'e10adc3949ba59abbe56e057f20f883e',0,8,'李千越'),(673,32217220,172,'538c43a5d3e036700c4e6e663e8914de',0,8,'徐志钧'),(674,32217223,172,'16a87a95bda28852efc3682f84d002f9',0,8,'张红彬'),(675,32217230,172,'9318ed7485f198241c30d9cb8d80f420',0,8,'朱万欣'),(676,32217201,172,'c8837b23ff8aaa8a2dde915473ce0991',0,8,'曹文韬'),(677,32217226,172,'490afc7989b1b50a14fe7c8b21de229e',0,8,'张焱琪'),(678,32217215,172,'16cb74b1d91861e9c8c8c1b0ca177b30',0,8,'王海亮'),(679,32217217,172,'c4f1d738c4a455610590d25b19b50b8f',0,8,'王薪纪'),(680,32217208,172,'285b9480eeacc4bb1d0487255bb8685a',0,8,'江涛'),(681,32217224,172,'adee2c2c090815b7a04ae5b001662057',0,8,'张璐'),(682,32217207,172,'b69f5314738838b8752d6131d04c3593',0,8,'黄永祺'),(683,32217229,172,'62bd77187e8a6f972a9ac67ed734efae',0,8,'周野'),(684,32217228,172,'81e251ce0092aded4425558a00a188bd',0,8,'郑佳琦'),(685,32217123,171,'cb1fe7dd2b145f74eeb0fb8b8c97b09f',0,8,'张瑞'),(686,32217125,171,'b2ede37e38b48a3af5ff161b28983b6f',0,8,'赵尚毅'),(687,32217115,171,'de50a1e775722d845ba86f84aaa06348',0,8,'吴庭'),(688,32217127,171,'bc9dcce2b05baa162b2c734865da9ad0',0,8,'赵蔚星'),(689,32217113,171,'300df41de4ce6d6d370c1af6522c2288',0,8,'石逍'),(690,32217120,171,'6dd01f83df64495336410fa0a4d21333',0,8,'袁策策'),(691,9173011823,171,'ea67eb28ed3d54d083663843e84620a9',0,8,'余衡臻'),(692,32217130,171,'49133c3dd9d49f597665e4e189e1ad38',0,8,'朱家豪'),(693,32217122,171,'b5931f039d969c239073a2d222c56636',0,8,'张清东'),(694,32217124,171,'91a7943732d8f7b70591fd4a3b2f8f26',0,8,'赵晨光'),(695,9173011712,171,'0e2285c958e0d7317b8582934b7c44f0',0,8,'刘紫琪'),(696,32217118,171,'49c325e948ea80ca8389d96cb793b046',0,8,'许叶葳'),(697,32217110,171,'d1ebf9272c594fa6ec6cf5973d93c047',0,1,'黎荣蓉'),(698,32217101,171,'033f3ae4b1e7ec2e58a811aeb2b43472',0,8,'曾祥'),(699,32217111,171,'ca10bd7e3c6421a0d1db669d78b49e67',0,8,'李天士'),(700,32217126,171,'1157c892717b0e53fdd1f1c3e5dadafb',0,8,'赵天羽'),(701,32217128,171,'46d98bb70fca39978b002e95b3075650',0,8,'赵钇酒'),(702,32217119,171,'967ffe6ada88635f96c248362a5fa138',0,8,'杨晴'),(703,32216130,171,'f3b918fde4b325bdfae189570f3b92b4',0,8,'廖聪兴'),(704,32217108,171,'d90272c310c1c71737684938dc319d04',0,8,'黄芃'),(705,32217109,171,'a80a4e27add0b6ba8d49d68abc629402',0,8,'雷恒晴'),(706,32217104,171,'0e719d7a50fd01e497ba08396b6523d9',0,8,'房玥昕'),(707,32217102,171,'c57886b2fe515854a2d996d5a6b664e7',0,8,'窦佳轩'),(708,9173010901,171,'a1f0b795bb15ff9f7467f760e17e2caa',0,8,'柴茵茵'),(709,32217129,171,'b7ea0cba2d19e867b81ddaab86419796',0,8,'周旭瑒'),(710,32217105,171,'bb7c39a59a144264090a5741e5237de2',0,8,'国文玉'),(711,32217121,171,'54a560997921d6cebdbd83437fa56d61',0,8,'袁震'),(712,32217103,171,'41e19e4b947f389fb59301480bc5dc6a',0,8,'段朕智'),(713,32217112,171,'d36fd7eed314806b241312bc216e13f0',0,8,'马江南'),(714,32217114,171,'4898aab0c0b536357fed3ec7f7c3ba15',0,8,'史濮源'),(715,32217107,171,'8b6f9b5d8a1d4fa62b0b8319b71c4d47',0,8,'胡昱'),(716,32217117,171,'871f33badb6f1ca975bb0c63ee77c536',0,8,'邢亚宁'),(717,32217116,171,'60d87c37b00b3aae7a38fb75fe988a1d',0,8,'雒昊翔'),(718,322171101,171,'d1ebf9272c594fa6ec6cf5973d93c047',0,8,'黎荣蓉'),(719,31417113,171,'9112c00b80ca7f93c593dd37d3f44671',0,10,'刘梓函'),(720,31417121,171,'f9398a09abd27e99d144fe55117a9387',0,10,'谢建勋'),(721,31417125,171,'7fc1dfa311f2ae496a5263c2c8672ede',0,10,'杨杉'),(722,31417105,171,'59f0503d9cd75e21919316cf04cea346',0,10,'高绪阳'),(723,31417126,171,'d7f33fa2479e84a20abf83b864afe8f5',0,10,'张胡青'),(724,31417122,171,'53c4810202979d799f68beeb14b574dd',0,10,'谢雨霏'),(725,31417107,171,'63d71a218deb1da38e16943b875b2966',0,10,'康薇'),(726,31417128,171,'8cc8a34a4c2707ced5f57f7844792744',0,10,'钟城龙'),(727,31417116,171,'c9287928b14bf4afef2682835dab5d3b',0,10,'牟童'),(728,31417123,171,'385a2b593d76cb6f76db4530f00e7ceb',0,10,'许亦凡'),(729,31417109,171,'38ea0f2221fb748dbfdf4685eff2a651',0,10,'李思雨'),(730,31417115,171,'c4a6ed4fc8eccae4694572ad25e4ebee',0,10,'罗佳颖'),(731,31417103,171,'6ebe4abf74a9a1f4af22935cf3cf167a',0,10,'戴博文'),(732,31417112,171,'179f4cdc5fd5b8951d4bbd5936bbe23a',0,10,'刘思玙'),(733,31417101,171,'c6ef360b7652a658099507653995a3f3',0,10,'曹晏玮'),(734,31417127,171,'7992f42862d94ba10cd89b74857cf32d',0,10,'张艳'),(735,31417110,171,'a22be401f870f4a4d3a5049870aa9425',0,10,'李永丽'),(736,31417124,171,'6c02eb3868cf508fb7399293d7dcc13d',0,10,'颜雅琦'),(737,31417104,171,'ae217e767189fe801a260d64721e6f33',0,10,'冯景一'),(738,31417102,171,'98a2db26c6008fed835e421e14b9a15f',0,10,'陈思洁'),(739,30217230,171,'542ab7f0b6bc0913cfd4cbc5f124f208',0,10,'钟佳玲'),(740,31417130,171,'1060abbad96c7e1ff6be78a7333c9a0a',0,10,'邹李鹏'),(741,31417114,171,'a1f6946950a26ce7b7d171fed35ef3de',0,10,'陆诗雨'),(742,31417120,171,'bd135d08b5dcbb77f4a3278e3efc23f3',0,10,'王天琳'),(743,31417117,171,'8c886c4fa05d5e8ce767f7ce8fdd52a8',0,10,'盛梦'),(744,31417106,171,'ba28cd5b0e7a77fddecacdd6b8e61b3b',0,10,'何佳慧'),(745,32117331,173,'59cf5c097d6a5aee7e8b8f374d7c2c06',0,7,'朱琪瑶'),(746,32117330,173,'3c4c04dc0eefe4a01aa9c00fef331d9d',0,7,'周加俊'),(747,32117314,173,'4f0c5387b9bd5a9fce334d6760b1a58a',0,7,'马思瑛'),(748,32117305,173,'02584ffc740539c2da8861ec2687340f',0,7,'李嘉煜'),(749,32117315,173,'7b3889e9aeaea12bc363acf710a79320',0,7,'倪博文'),(750,32117304,173,'13360d7f6fe1070cd2c4a26281b7ba20',0,7,'黄勇斌'),(751,32117308,173,'9d4404ca369b378c500d503fa6810fe5',0,7,'刘琪'),(752,32117319,173,'c0c4b91c75516bf3c16d41928f5e1bbc',0,7,'王继浩'),(753,32117318,173,'9f9e81d16daba9039a5f025dd7d23622',0,7,'万希同'),(754,32117317,173,'7357d8071024879f5143835b07fc9974',0,7,'孙竟豪'),(755,32117312,173,'b1c65649cbd405bbfc25c5da183c061a',0,7,'龙雄维'),(756,32117328,173,'0b72a73947acf0f06d36f23fe157d8e2',0,7,'郑伟'),(757,32117316,173,'f575cc6fe2e9d161b113fb72da53517e',0,7,'乔家栋'),(758,32117321,173,'1a2772c696fe5f0b5197de6530a69284',0,7,'王泽宇'),(759,32117310,173,'e46691bb6ec5977806f69f39f8016c18',0,7,'刘兴睿'),(760,32117311,173,'af8a46b497f42d21eec39008bdc70916',0,7,'柳若楠'),(761,32117301,173,'95620ac83f9b2d77d8fa41e7ab91f164',0,7,'蔡嘉奇'),(762,32117332,173,'29437b4b403511a0dfd421d8dba1fa09',0,7,'邹明萱'),(763,32117307,173,'dbbf0c3f9d0a686f3342a8f7ad63569a',0,7,'李钰'),(764,32117302,173,'50dfa9cc252850001442db3ec1422484',0,7,'刁勇'),(765,32117309,173,'d4d5296c9be0a1bf5ab4ceeb47ec55d0',0,7,'刘肖强'),(766,32117325,173,'81e17c66ddc83e9efa2c68f6da43a111',0,7,'游礼端'),(767,32117322,173,'1dfc80dfa938585359e8590aa0122620',0,7,'魏煜宁'),(768,32117306,173,'fe1a10e4576c9db0b40e26b9ffa38ea5',0,7,'李文海'),(769,32117320,173,'d574f6a418bdfdb8b825d0f2bfdcb8a7',0,7,'王书婷'),(770,32117313,173,'4d1b6ad4bda029d7b9863f6cab84dc39',0,7,'罗大卫'),(771,32117324,173,'52f719ee6cad90cd9cf3521053b0b8dc',0,7,'杨希'),(772,32117329,173,'6877edf6b0aa6caf7d459ac4648f6edf',0,7,'郑轶凡'),(773,32117327,173,'a30c61bf420cad1f92686a233870d0a2',0,7,'赵正鹏'),(774,32217312,173,'cabb65e3ebad4509c313a0eb62f1a123',0,8,'刘陈轶'),(775,32217306,173,'a420384997c8a1a93d5a84046117c2aa',0,8,'韩凯欣'),(776,32217307,173,'25d55ad283aa400af464c76d713c07ad',0,8,'郝梦圆'),(777,32217316,173,'69cea3127d1565bc10cba817f7cf93dc',0,8,'罗嘉宇'),(778,32217320,173,'8ac497452559cd2315210223b133b841',0,8,'沈轩'),(779,32217305,173,'0596e46aa09ad221756a6f08836b4a6c',0,8,'郭兴彦'),(780,32217401,174,'14c687a3ab62bde6f060d6c47bd905e5',0,8,'戴苏阳'),(781,32217315,173,'be273a025768b63f6b63ba5bbfb644ba',0,8,'刘宇琛'),(782,32217430,174,'d2f5e94eae04774772b6eeb89195cf7e',0,8,'朱书杰'),(783,32217310,173,'db53d7160e37e34f1a07a4dea9014b17',0,8,'李兵兵'),(784,32217324,173,'6f967195cbfa63e48516b36c50ccec71',0,8,'武迪'),(785,32217326,173,'0be76ff18c899ffbf4f407a0099a92c0',0,8,'徐志全'),(786,32217321,173,'1e91855fe7aacb87feb6d795e14c467e',0,8,'苏闻涛'),(787,30217203,173,'65563ff79709cc7b4427d211bfd28980',0,8,'董晖'),(788,32217429,174,'338516cac88fe0449991360fe5b7cf3e',0,8,'张泽雨'),(789,32217311,173,'e91662e0a2c6972e2d9a01adbf44c67f',0,8,'林宸立'),(790,32217329,173,'8f068920f042fc8297bce89c1406436f',0,8,'朱佳琪'),(791,32217319,173,'0921ddef76021bba259724c342d17020',0,8,'毛诗涵'),(792,32217304,173,'1714768087ee925c239271a1fece1a1b',0,8,'郭炳良'),(793,32217301,173,'ddcc927beaf6a8077d8486195232139b',0,8,'暴荣芳'),(794,32217402,174,'e668865ca058b061fc5c4e0c1e4c4822',0,8,'高海钦'),(795,32217322,173,'c03de4b6448525baa18641f6e13be3d7',0,8,'王翔宇'),(796,32217323,173,'6d1ce7aa0a1d988dc96a2abcd187b45a',0,8,'王雪心'),(797,32217314,173,'c1a007b90ba912717dd44c1cc74db665',0,8,'刘嘉辉'),(798,23217130,173,'8968c88ecaeea18a6ab465c52a6dceee',0,8,'薛云帆'),(799,32217303,173,'93ec7ae09de0d8c634d212c2aa62afd9',0,8,'陈为祥'),(800,32217318,173,'d030b95bcbfaa1fae2e119dfa2683717',0,8,'马亮'),(801,32217317,173,'89d5dbc0a3d4611093cbaf3f19790d0c',0,8,'邢殊涵'),(802,32217327,173,'3400f2a542f9f547f0d591bf0419f65b',0,8,'杨丰'),(803,32217302,173,'c44a471bd78cc6c2fea32b9fe028d30a',0,8,'陈梦清'),(804,32217308,173,'468a1dd5601185f8f8973d41ed84a055',0,8,'何昱晟'),(805,32217325,173,'7b908502b9f88b4d5b01f34898f65177',0,8,'修瑞'),(806,12117324,173,'e807f1fcf82d132f9bb018ca6738a19f',0,8,'侯璐'),(807,32217423,174,'acb990698a7d29259d689d89fee2cf04',0,8,'熊飞宇'),(808,32217309,173,'e3f5d8f9d6156da745b1a8439e5b2eaa',0,8,'郎博名'),(809,32217411,174,'7d6cd7f9e261e94b0a50981c8d945d53',0,8,'林宇'),(810,32217404,174,'f10a2fde63d167243a159bac05bc93f5',0,8,'何剑豪'),(811,32217424,174,'3717edb259de0ad21d05e278eebc44f9',0,8,'杨安琪'),(812,32217408,174,'4196ff2ae8e8050101a85773f900353c',0,8,'李俊潇'),(813,31117206,174,'363d0e4cf6a9bb549a957968f933a60e',0,8,'姜理'),(814,32217422,174,'a014e587690e0f65bb0604f9d0b8cd3c',0,8,'夏琳琳'),(815,32217420,174,'4046fd97effb7131139a2943010425e3',0,8,'巫笑言'),(816,32217405,174,'f897966cfdef5b20cfc628de2e6c444b',0,8,'胡青正'),(817,32217418,174,'9e78db2b2cee89c49faf5cb1c018b033',0,8,'王焕'),(818,32217427,174,'3e5077a3dcd1e7231aed1d439f1a6459',0,8,'余新炬'),(819,32217428,174,'041a87552b2ea21cfc07291d339dd58e',0,8,'张义鑫'),(820,32217406,174,'1f68f1fe4cf36100d7845d230c58dfb2',0,8,'金逸敏'),(821,32217409,174,'8a3de4db6c5bdbbdf2991af911780485',0,8,'梁天天'),(822,32217410,174,'cf9c3a067f07bdcd0e954ca5c16fa6e3',0,8,'林岷毅'),(823,32217417,174,'bd9a39ee7398baf7aa52847d09d23e69',0,8,'秦禛'),(824,32217413,174,'9d934cd154f8a6274ea1a6de369bd9a9',0,8,'刘馨蔓'),(825,32217415,174,'76e3aa4c8149d479f4a2003922910e1c',0,8,'罗星'),(826,32217419,174,'b8d668b7f45ff741d4fc3403baf90bcd',0,8,'王子钰'),(827,32217328,173,'7111bc5a9237743e594d4d3d5c6fdfcb',0,8,'赵立敢'),(828,32217421,174,'49b608363a1b8f6852e36872753567e7',0,8,'吴松谕'),(829,9173011419,174,'48d934d542da6b625c47d4920025f3ac',0,8,'王心怡'),(830,32217330,173,'f2eaa2fbe593e987f888a5d418918721',0,8,'祝忠钲'),(831,32217416,174,'8f252780331290059bb33a0c51b8f49c',0,8,'彭丁'),(832,32217426,174,'912c3c051ef03e3e326a25dadc21e021',0,8,'杨俊禹'),(833,32217407,174,'2e16ba7cf9c1c83949c9bb543f855171',0,8,'金正南'),(834,32217414,174,'a354e801dc42f340b0de141bfb219283',0,8,'卢煌铃'),(835,1993850,13,'5826a6151d75f8948ee3c930ab2fe7e7',0,1,'宁一'),(836,135798,161,'9bdcd3f731af35d70ba2a3695b6d079a',0,1,'王'),(837,14567,154,'6d4be821fa69df218cbccdb1cba472c7',0,10,'曾'),(838,31417226,172,'8666c64d51356edb0c39334ffd33bbe3',0,10,'姚鑫炘'),(839,31417217,172,'056b5e693673459b3dd7a6c94882538b',0,10,'庞欣怡'),(840,31417201,172,'f5ed93e5b0aa54b207dda93a89a9b5f0',0,10,'曾迪'),(841,31417221,172,'5c35054df5d83fe4c7e2e68da6214b2c',0,10,'王雨欣'),(842,31417211,172,'e2612af6a897cca95ca5aefbf63de838',0,10,'李卓芸'),(843,31417209,172,'edf7787e9c03891a570d49fc70100cb4',0,10,'李明睿'),(844,31417203,172,'2e24665a47d60c720b0c5c8e3a105266',0,10,'陈希'),(845,31417212,172,'6134ba974839bea71a50d8d73ea70b9e',0,10,'刘孟阳'),(846,31417204,172,'4fe39fee7bcc99cc219227b2f2d877d7',0,10,'邓超伟'),(847,31417218,172,'3441b8581118f423241f64aa8c2e81ab',0,10,'宋佳凝'),(848,31417208,172,'36f79e9d35ab81ef8e90a157807fecc6',0,10,'雷道林'),(849,31417206,172,'b10989f80eecca671b4858133a9cafe2',0,10,'高忠瀚'),(850,31417230,172,'72e10199432ad6d4f18f3f5112628cad',0,10,'朱文嘉'),(851,31417213,172,'86e95c3376e1c924680c0ce10ce8b32c',0,10,'刘雯颖'),(852,31417210,172,'4344568d183eb8c737c2056ba2b0ec04',0,10,'李霞'),(853,31417202,172,'78ce423e46f42082f3688bf77f20d4c6',0,10,'陈澳'),(854,31417215,172,'a9a0b03f6fe34ba38ad16cf66fe396ba',0,10,'罗思雨'),(855,31417207,172,'38c833ffd23c561eb20f54fa2e3d5e82',0,10,'何姝莹'),(856,31417227,172,'ca6cc0bd6efb187e00e0282d2541902b',0,10,'张靖芸'),(857,31417214,172,'b68a1403c1d257717daf521cfef378a9',0,10,'陆文哲'),(858,31417219,172,'cb1f60aaa07c23d29f81b4777e4b9f81',0,10,'王从容'),(859,31417224,172,'7887eb8cb0e6709182e366d95be6924e',0,10,'许志帮'),(860,31417225,172,'2e2ece440206b560bffcdea81005550b',0,10,'杨乐妍'),(861,31417222,172,'a3ea479298ed3fad1f470e865afb296d',0,10,'熊正银'),(862,31417223,172,'c05ee61e3bf108671936b7f0eeec74b7',0,10,'徐静玮'),(863,31417129,171,'45d6270dda09a9def5013ef1813fe2eb',0,10,'朱卉昕'),(864,314172166,172,'571fa714ce1ae178e2ff8dfe92d19e46',0,10,'吕一帆'),(865,321171261,171,'7250a61f4b034ec6016bb5a830881f68',0,7,'杨文明'),(866,321171051,171,'026122454130b62b563dda23c58c24d0',0,7,'巩晓蕾'),(867,31417324,173,'fdea2b50dc8b1382a95b764f264c6687',0,10,'杨吉荣'),(868,31417329,173,'90b734452363e59c646a37ffe786ef5e',0,10,'周子烨'),(869,31417328,173,'b2033b112e60f6e0128ec805a7bf3df6',0,10,'钟明橙'),(870,31417316,173,'b20569f9aeba66623920a3fd43343004',0,10,'潘宇凡'),(871,31417323,173,'b0e134f037406a07cb9eda6277515270',0,10,'许娜'),(872,31417312,173,'e696316decc4f18cf5e4c19b61288e65',0,10,'刘新宇'),(873,31417327,173,'64edf19e775ea4ab52da09c2f54763be',0,10,'张静'),(874,31417304,173,'c1a84e6dced9f7803bdcf7b31439751f',0,10,'杜安迪'),(875,31417325,173,'2a1603620edbdb0901ad51d93783daa4',0,10,'杨玫'),(876,31417315,173,'b468702e263debe4de0c00cf9cdd5bf1',0,10,'吕雯婧'),(877,31417205,172,'ab5db532e2054aded594f713cd843292',0,10,'冯崴崴'),(878,31417303,173,'3f00582ede8c509b42d2a97253721f42',0,10,'窦伟健'),(879,31417309,173,'dca33047ea4fa42a4c5d0e1b2fa4d148',0,10,'李欣然'),(880,31417330,173,'56ea6916b571f35d3c1f3b706dfcef57',0,10,'朱钰'),(881,31417320,173,'decec11ec162201237d5ad962a736f53',0,10,'王琰樟'),(882,31417322,173,'21e7e3b9ee693b977f50731fa984dfeb',0,10,'徐尧'),(883,31417310,173,'9b5bf5c4c312fafb73f9b070bb3fd8fc',0,10,'李雪娟'),(884,31417301,173,'fa029570c2f560367aa6bc742036b7da',0,10,'陈鸿'),(885,31417306,173,'ba446854bd0eb8e276ff69a4ec7c8106',0,10,'何尚炯'),(886,31417321,173,'47312519470e0d70d77e784946370aee',0,10,'王紫晗'),(887,31417302,173,'8a0517f9edb2698294c91f57a965caa9',0,10,'陈纪元'),(888,31417308,173,'8c119ab484dfb9d5b5857f9c740bc7bc',0,10,'李梦妍'),(889,31417314,173,'6b1cfe619306bcc3f656092dc38ec980',0,10,'陆奕璇'),(890,31417319,173,'8ba5aa52cc52c5f38f77cd7ec5b0de26',0,10,'王倩华'),(891,31417313,173,'1e1c3c9aef0131fee3d2ca0e921b2f34',0,10,'刘雨萌'),(892,31417317,173,'704754f7a1dabef621277d25e15c64c9',0,10,'屈庆青'),(893,31417307,173,'a69365f190f3af1a92e72a0d46dd41e9',0,10,'何玮珊'),(894,9876512345,154,'6d4be821fa69df218cbccdb1cba472c7',0,1,'曾小'),(895,32317130,171,'3ed6809c1e44cc8c2576b1ee878d2b20',0,9,'周晓航'),(896,32317128,171,'391e4ce47c2c571cd5f9415b70180e36',0,7,'张文军'),(897,32317201,172,'0043a8794db149a22d313e1302edeb56',0,9,'薄子杨'),(898,32317120,171,'37efb5ccd88d0c7429b2677720b320ed',0,9,'王志方'),(899,32317121,171,'0208b76084d1c7c4b554d66454cd0688',0,9,'吴佳鸿'),(900,32317119,171,'409733e2e9e30443e3d9ee1f8cac007d',0,9,'王勋宇'),(901,32317127,171,'b4138ab1554901ee530c5dcc9ba2aa93',0,9,'禹泽艺'),(902,32317118,171,'aad0157d4195108c488b283b5d8934e6',0,9,'王浩宇'),(903,9173011028,171,'d42da47c0df9b0d591a845b958307e84',0,9,'张翀'),(904,9173010602,171,'60b179715ba49053fd36cf5417993844',0,9,'陈博'),(905,32317115,171,'14f32d314b72e071c88e5d88d5e7de07',0,9,'任万鑫'),(906,32317109,171,'0c1b9475cbeac0b4b47b069a03110260',0,9,'焦泓渊'),(907,32317113,171,'07e2fc199f9cb5f96804b9c677f02a68',0,9,'陆虎'),(908,32317117,171,'1ce25dfc9f7d66507d575f65b1cbb782',0,9,'童杨'),(909,32317129,171,'854f92d39cfb50f63553a609d4692304',0,9,'张孜谞'),(910,32317116,171,'5ad55498294fed576abd65c500bc1876',0,9,'沈熠婷'),(911,32317106,171,'aa0f854fc0ceb67c0f3ef36c98b06b43',0,9,'冯媛媛'),(912,32317105,171,'e10adc3949ba59abbe56e057f20f883e',0,9,'丁啸天'),(913,32317108,171,'856684de8e668cd7e08c809271502bba',0,9,'江颜君'),(914,32316123,171,'cfe44182e9b23444ec77c233c4071680',0,9,'郭皓'),(915,32317102,171,'06f68e7c0eb0a725b4590fd41486757a',0,9,'蔡苗苗'),(916,32317103,171,'760c80c69886e81f2617172927d9e91a',0,9,'陈昊'),(917,32317123,171,'9b5f1b46ee4b9a1bdebcd59d826c2c50',0,9,'徐前进'),(918,32317126,171,'86566708345492e9960790405cc8a592',0,9,'杨盈盈'),(919,32317122,171,'4e58a8e54542d95a6b99fb0a09bae686',0,9,'徐林欣'),(920,32317112,171,'decd984f4ca61ae7a677986b9a7edcc1',0,9,'刘海通'),(921,32317124,171,'b62bcf175562a8f1dd9087d157c3933b',0,9,'徐泽颖'),(922,32317111,171,'c816f96f15e10d52194c521ca3bca724',0,9,'李梓昂'),(923,32317101,171,'c9ec865be231be69ee7ea2e8bd7732bb',0,9,'白嘉豪'),(924,323171281,171,'391e4ce47c2c571cd5f9415b70180e36',0,9,'张文军'),(925,32317207,172,'3237963dadb84ff1d4076349c192db7f',0,9,'龚琰'),(926,32317206,172,'14da39a6dca6a470cc2e3f8f67325197',0,9,'高玥'),(927,32317220,172,'0136b640d87aa75c3a6a0ea918ce78a2',0,9,'吴建东'),(928,32317209,172,'00c66aaf5f2c3f49946f15c1ad2ea0d3',0,9,'李思雅'),(929,32317217,172,'3ba8e4929490948360ee128d6482546e',0,9,'王凌飞'),(930,32317211,172,'f754d1e7ce45937be6f1e854f664e208',0,9,'林宸宇'),(931,32317202,172,'eb5a861504ca4b6f837fb3c4583729cc',0,9,'陈佳豪'),(932,32317216,172,'139f9c7a339eceae619e9d1c99039ea8',0,9,'盛阳烨'),(933,32317230,172,'2776e957a1f635a08e76c100a2d8f3e7',0,9,'周暄谌'),(934,32317205,172,'54c73329e01db5decff20b3944056266',0,9,'董民星'),(935,32317226,172,'9ff2c982da4c6d36b2bd52fe714200b5',0,9,'叶树沁'),(936,32317225,172,'3faefbff8d3fb89ef1f0950069263fc4',0,9,'杨啸南'),(937,32317213,172,'6157f81916147b9639cb730633b5b454',0,9,'陆军雄'),(938,32317212,172,'20d891d859b8e300ac3a59fb95c8b691',0,9,'刘雅彤'),(939,32317223,172,'00279ad24038136eb96e81f43e6f870c',0,9,'许崇旸'),(940,32317204,172,'6808add1169822dde88559d8093ad64f',0,9,'程星智'),(941,32317210,172,'e79bd0e5c9ffcd8cacc382a136b231fd',0,9,'李元'),(942,32317219,172,'e807f1fcf82d132f9bb018ca6738a19f',0,9,'王衍超'),(943,32317222,172,'58ae2cbc55a5b5d1ce6edb5da326542a',0,9,'徐蓉'),(944,32317227,172,'3ec3690c8f18bb07aa9da881c4cf609b',0,9,'张博涵'),(945,32317221,172,'5c6d476bc415cf7478345de6b18f2523',0,9,'吴婷晖'),(946,9173011210,172,'612d4a9046741498cac42edc7e1fce8a',0,9,'贾紫珂'),(947,32317224,172,'eb48dd65762f19e36c56637e9386e22f',0,9,'闫胜琪'),(948,32317228,172,'0363d066d47b43fe13d6fca1415d3a9d',0,9,'张壹峰'),(949,32317218,172,'30863c76ceea75de8de85ad067568d6f',0,9,'王小婉'),(950,32317208,172,'27c2b7ab3b91796d618df859650f8126',0,9,'李明远'),(951,32317203,172,'50b30063fdf37299defa8299ea1a89a1',0,9,'陈佳琪'),(952,32317229,172,'e6f7e5bdb1b47caef76117af2a295af4',0,9,'赵康怡'),(953,32317215,172,'2401c3b48e6ab0a15f5cabe89fb68d53',0,9,'任衍政'),(954,31117408,172,'5229e5804063b0a10eadbeca2c6e8cad',0,9,'胡庆迎'),(955,9173011714,172,'1c9a0a4424f03dd8b75f3356e13ebd74',0,9,'马慧童'),(956,323172251,172,'3faefbff8d3fb89ef1f0950069263fc4',0,9,'杨啸南'),(957,32317412,174,'4291d89b707bb7557535dd3f9792faac',0,9,'刘晓丰'),(958,32317407,174,'422953bd4f324a85e62756ef752a9ab6',0,9,'黄海平'),(959,9172210510,174,'c14f54938a2c5434686a5677c4725f9f',0,9,'李泽渊'),(960,32317401,174,'3eef66ce5620f271f3e35ee79983de90',0,9,'包星星'),(961,32317426,174,'162bc46168bd6730edcedb39e83bf50a',0,9,'应楠'),(962,32317404,174,'73853c41bad9791ab70cc1851d894635',0,9,'丁海舟'),(963,32317424,174,'fca70ef871eaac1c119aceb798ae1f9d',0,7,'严宇宏'),(964,32317409,174,'513b0d3d28b5a08af70cd2193708ad13',0,9,'李兴昊'),(965,32317402,174,'be2453e65003df3b1a051eee83c3f0c8',0,9,'陈晨'),(966,32317413,174,'ebbca38933019c93020983b700f7e29f',0,9,'卢雨晨'),(967,32317423,174,'f29cfcc87c52482ca3244b73ecb63ebb',0,9,'徐欣然'),(968,32317430,174,'d6f1c587353d3af639ceb747be8b5d8d',0,9,'朱姜怡'),(969,32317421,174,'7620a9e9628e55159954d6cd3dab8672',0,9,'谢袁欣'),(970,32317429,174,'0bcb9f532d3b1907289379b50836c5ae',0,9,'章天翮'),(971,32317425,174,'3297f4c427a320a2ebaf60af2d11205a',0,9,'杨洋'),(972,32317419,174,'9ebfbd85cd659e8b1686a3f277c364ef',0,9,'王渊默'),(973,32317428,174,'d9aa1f64ca336c466cd7c99fdccfa36a',0,9,'张怡宁'),(974,32317403,174,'6507c67333d7564403d2708904fd139f',0,7,'陈艺'),(975,32317422,174,'4f367bf14262a9e0f40ae0091f2aa568',0,9,'徐铭扬'),(976,32317410,174,'c7c2e6ecefd519fb0062654fa15da344',0,9,'李越诜'),(977,32317427,174,'86e6d12cf9524bc6aef658e06b55f41f',0,9,'张景裕'),(978,32317406,174,'05b149004c6e4d39019dc25053c10e30',0,9,'冯婧'),(979,32317420,174,'cc436bdd3d24e486dc88933c4301e4b6',0,9,'翁小艳'),(980,12117211,174,'d5f58bc45e33429139f6b5197c2804e4',0,9,'刘晓颖'),(981,32317414,174,'51a93aec36808c45b97d0ffceb339158',0,9,'潘祎'),(982,32317417,174,'1fee2ee43bb40da3e60d9cf66cbfbe10',0,9,'王必兵'),(983,32317411,174,'e20ea850ff235ace96ab65fcfe270164',0,9,'梁嘉莉'),(984,32317418,174,'66cf3e4ea58887cd9f659381fcf1c78d',0,9,'王泰山'),(985,32317415,174,'b7d5697e82df3460d6d4bf2000da1a75',0,9,'邵义刚'),(986,32317416,174,'4fef97e2a63b73560abc028037587f39',0,9,'孙美花'),(987,32317408,174,'d8ac2945b91e46f87e0e9f1c32fa4486',0,7,'黄学瑞'),(988,32317405,174,'d843b7d2a542c79fbef84bb4c26c8379',0,1,'范志昊'),(989,9173010702,175,'61365f89dec99ef979404c1556a3b00e',0,4,'陈伟权'),(990,9173010311,175,'759f9373ab7363d0c6906bd5690e9412',0,4,'李路路'),(991,9173010218,171,'993bc5620b3653e47c30271b8336f6e7',0,5,'王欣宁'),(992,9173011307,171,'54f19192df446cc8aa2d8ca4d6fcc91b',0,5,'胡瑞'),(993,9173011206,171,'3f4592b6da23dfd68da8b5c96202408f',0,5,'何晓'),(994,9173011202,171,'cdac9af2800f303605d1c2ab52e7a7cd',0,5,'丁丽'),(995,33316131,171,'198ae829915c02ea5381f62571885e4f',0,5,'戴子豪'),(996,9173011319,171,'fe80fddefc77eeb04385107b55dc5e2a',0,5,'王钰涵'),(997,9173011007,171,'827275edb30e3dca11c7b25b87c80198',0,5,'韩天鹏'),(998,9173011130,171,'bd497ce0c7243fd433c771609541b542',0,5,'朱江帆'),(999,9173011305,171,'9a6476cdacab7752f97e77c83ffe3401',0,5,'葛成浩'),(1000,32316225,171,'e10adc3949ba59abbe56e057f20f883e',0,5,'赵玉涵'),(1001,32316226,171,'7666f5e5844674393242a14313fe9570',0,5,'赵岩松'),(1002,9173011209,172,'4e0b8db924350dd92ac9e9f0cc38364b',0,5,'胡付丹'),(1003,9173011011,171,'6a528a8eff7b4388bdc8eebe3e39f11b',0,5,'江佳明'),(1004,9173011119,171,'003190e3419fcbcbf223ca4600eec621',0,5,'王魏魏'),(1005,9173011204,171,'bad0f5cccd92bf41b77672d6fedd2dc4',0,5,'高淑影'),(1006,9173011820,171,'636c7943e899bec8a4fde87a5c8eecec',0,5,'杨惠钧'),(1007,9173011913,171,'0d7b76d91bb6698128caf474a9654913',0,5,'龙漫'),(1008,9173010412,171,'d851118f7052754b6c159c391684cdd1',0,5,'吕世杰'),(1009,9173011828,171,'6008af48a48c93a93515224dea536ead',0,5,'赵霖'),(1010,9173011129,171,'5f77dbd41bcb5ad8f9eaea2064f2fd6e',0,5,'周扬'),(1011,31417216,172,'3df87600cdb388b25dce611db410cbd2',0,10,'吕一帆'),(1012,314172101,172,'8fac5f72327e63f5f9ad588844bb7563',0,10,'李霞'),(1013,314172151,172,'a9a0b03f6fe34ba38ad16cf66fe396ba',0,10,'罗思雨'),(1014,314172161,172,'3df87600cdb388b25dce611db410cbd2',0,10,'吕一帆'),(1015,31417428,174,'4f908e0d8e31071a3c2b727152ce0337',0,10,'张睿玲'),(1016,31417429,174,'d09b6c6addb69eff9ebc6418f49109d8',0,10,'钟文燕'),(1017,31417326,173,'39c4035aba139c8cfa38f9f6b48193ad',0,10,'尹宇欢'),(1018,31417409,174,'aee06868ad0ce8eaf555603c8f00eaa8',0,10,'杨其睿'),(1019,31417407,174,'3cd8ef2e35510189fc0dbd6588832d8a',0,10,'武辉'),(1020,31417414,174,'aaf62988cbcd36233aea0a0c583ba103',0,10,'何慧川'),(1021,31417401,174,'c052bd03435586da372cd622645e1082',0,10,'陈青峰'),(1022,31417412,174,'db4279dc260f4a10032aff394ce6d0d8',0,10,'陈佳仪'),(1023,31417402,174,'e3d8766a8b458670a7b54eda45048962',0,10,'冯春骥'),(1024,31417403,174,'a863ab99cd57885a8b568b9c68e8be4e',0,10,'蒋月亮'),(1025,31417404,174,'24a637b80cd69a5c5eda6e665748737d',0,10,'廖文锋'),(1026,31417411,174,'8a42e73fa4d18bf7b35dff71f8294a1a',0,10,'朱政彦'),(1027,31417427,174,'5dd98c729b079a1ea5a5609fbf13a286',0,10,'袁畅'),(1028,31417408,174,'c553f8b114949384c993cf33c8facc88',0,10,'徐宗瑜'),(1029,31417417,174,'03f316795a0fb42491b663faf09a8c64',0,10,'李阳'),(1030,31417406,174,'d5ba69a0092ddf9853aa14baa8b6c3f8',0,10,'滕腾'),(1031,31417425,174,'8c928e4b16130ec63952b322842d11c0',0,10,'吴聪'),(1032,31417410,174,'75c3729d159910bbcc6a2753cc129c60',0,10,'张航'),(1033,31417424,174,'910b974f5e23cf8cbf7a241c551d938d',0,10,'王瑞涛'),(1034,31417420,174,'d2bfa3dfbe36d56dcc910e4f74ce69d9',0,10,'路晶'),(1035,31417418,174,'6c594b7c1a7d930a474ed5884f7dcaa8',0,10,'刘琴'),(1036,31417415,174,'ba693ec109df09e29dc0897c4a735419',0,10,'江雨春'),(1037,31417423,174,'a87795207597666303a589df5c489d28',0,10,'王晨丹'),(1038,31417413,174,'d09c7a705a86eb52632fe12392ea63a9',0,10,'段未珣'),(1039,31417422,174,'7825cc0e012a0a17c9b59f58b5e64fca',0,10,'尚可心'),(1040,31417421,174,'c84a8202a7864ef5eb98b71824f26a70',0,10,'马碧萱'),(1041,31417416,174,'d4f12015ac7a46cf5705d77e039f421b',0,10,'李佩'),(1042,31417426,174,'755d8075734ea42be0784b5e7a6d2c88',0,10,'许馨予'),(1043,32317302,173,'30bd8a139dfc00bb12dddbee902b8dbe',0,9,'曹志宾'),(1044,32317312,173,'3f0185afd59ff64272cc50b0851a2fea',0,9,'林永坤'),(1045,32317327,173,'a9b004def538c6e7ffcedafb32e805cc',0,9,'张灏'),(1046,32317330,173,'ba7379b76d692591a9f91aa53dc07a2a',0,9,'周佳英'),(1047,32317322,173,'6bc37928c9f8d067e8af0cdfc0dc0968',0,9,'喜卡'),(1048,32317314,173,'203a59e14eab1b95bb475ff7ac05d87c',0,9,'马翔宇'),(1049,32317329,173,'7e542783d1a7b09c50ca14a5affca71d',0,9,'章清伟'),(1050,32317326,173,'5bb0c718acc11ed81fd0b49f626ff8cf',0,9,'杨云涛'),(1051,32317303,173,'bda50157d48adadb0449de3ef3429e07',0,9,'陈明阳'),(1052,32317301,173,'7b057ac5aa13c7c5128c29655c28530c',0,9,'白宇曦'),(1053,32317304,173,'e988ba103f79a923106f59b5a062034a',0,9,'陈茜'),(1054,32317316,173,'130345630790464367f3888a20dbc2df',0,9,'邵昱宁'),(1055,32317324,173,'01d1a62dc3e60969d3fe622a95d70d3d',0,9,'闫涛'),(1056,32317317,173,'93305e60e084b95f2aa5cb9a2f0b95cb',0,9,'涂志松'),(1057,32317320,173,'93b4e17429a5d1f1d32493139a267fad',0,9,'王彦飞'),(1058,32317305,173,'000fc567ae2c37bf765fb69bbb0a8e72',0,9,'崔永林'),(1059,32317319,173,'378efbd8069a293c64bbf72843a73d6a',0,9,'王昕'),(1060,32317309,173,'ba267a47a09bddde31aa003b1ecaffc4',0,9,'李佩浩'),(1061,32317323,173,'e5246c6e365ca9f9bc71c1988202b85d',0,9,'徐淑晴'),(1062,32317328,173,'327513c08d0b7df2a08cecbb25e3b862',0,9,'张灵玺'),(1063,32317315,173,'83e62f71369f211cff9e44a86f28fb67',0,9,'任玉钱'),(1064,32317307,173,'ba6f5ea74792a12a2c7dde05cd4d4712',0,9,'郭宁'),(1065,32317311,173,'6fdf60b3e371b7fb4d5d609a6129bc93',0,9,'李月阳'),(1066,32317306,173,'a17a021483981ac5d2a1980462022fa8',0,9,'杜博鑫'),(1067,32317310,173,'87be128cdd37348e379f7eb53d4e77cd',0,9,'李心语'),(1068,30217218,173,'5787fd3aeac6aa390ab9dcef46bd44f7',0,9,'沈思汛'),(1069,32317321,173,'fa3ec1bd29221b75db9431cc84d9452a',0,9,'吴坤'),(1070,30217212,173,'8b83d89956e0e6145f2c8d078ccd7b5b',0,9,'李捷姝'),(1071,30217412,173,'47b0bdad94a41547c29022b31b2451f3',0,9,'郭云香'),(1072,32317318,173,'a88c6d33a4b1abae9e59b038f181e8b8',0,9,'王爽'),(1073,32317313,173,'211b45b71b4295435dd18bca37181cb0',0,9,'卢帆'),(1074,222018,163,'44989bd6ef61a5e8a52ba9452b8d8fe3',0,1,'开发者'),(1075,31417419,174,'eeadc40a7f10b661c5f6fb67a54a2924',0,10,'陆海滢'),(1076,32317110,171,'c04c937ba2705b4fe6572a2d17548128',0,9,'李炎胤'),(1077,91730107230,173,'7c7baea11f20ca0089f22bd71ce8300f',0,3,'王鑫'),(1078,9173010823,175,'0f7c7b1e921809731a78ac897d20301c',0,4,'王常懿'),(1079,31417405,174,'ae9218ce388985f9f5dd71dea27b85a4',0,10,'刘子越'),(1080,32316224,162,'01090ecb93221f78d05a1a411b49bfd5',0,9,'庞海东'),(1081,32319224,192,'01090ecb93221f78d05a1a411b49bfd5',0,9,'东海庞'),(1082,98765412345,151,'25f9e794323b453885f5181f1b624d0b',0,1,'曾伦武');
/*!40000 ALTER TABLE `user` ENABLE KEYS */;
UNLOCK TABLES;
/*!40103 SET TIME_ZONE=@OLD_TIME_ZONE */;

/*!40101 SET SQL_MODE=@OLD_SQL_MODE */;
/*!40014 SET FOREIGN_KEY_CHECKS=@OLD_FOREIGN_KEY_CHECKS */;
/*!40014 SET UNIQUE_CHECKS=@OLD_UNIQUE_CHECKS */;
/*!40101 SET CHARACTER_SET_CLIENT=@OLD_CHARACTER_SET_CLIENT */;
/*!40101 SET CHARACTER_SET_RESULTS=@OLD_CHARACTER_SET_RESULTS */;
/*!40101 SET COLLATION_CONNECTION=@OLD_COLLATION_CONNECTION */;
/*!40111 SET SQL_NOTES=@OLD_SQL_NOTES */;

-- Dump completed on 2019-02-05  8:07:04
